id,created_at,retweet_count,user_screen_name,user_followers_count,user_location,hashtags,text
967184683178930000,2018-02-23 23:49:32,36,1AvgGirl,45,"California, USA",[],"RT @netflix: When Letitia Wright gets behind the wheel, you know something badass is about to happen."
967184696890352000,2018-02-23 23:49:35,1,sadiepeaches,5225,cabin 4 ? i was here too. VM,[],RT @its_willyu: STOP. WRITING. AROUND. US. @netflix
967184759792263000,2018-02-23 23:49:50,0,csgoKW,76,"Cape Town, South Africa",[],@lostinspacetv @netflix Looks Amazing! Can?t wait!
967184785310409000,2018-02-23 23:49:56,0,MaxContrerasR,177,Room #427,[],@joelmchale @netflix @NetflixLAT Siempre queremos m s!
967184841467974000,2018-02-23 23:50:10,0,WAVEDUPZO,5195,WESTCOAST ?? HOUSTON,"[ ""Duh""]",I think @netflix should buy the rights to ?Pop Up Video? and make the pop-ups an option you can turn on and off on?
967184962846888000,2018-02-23 23:50:39,54,WaraxMvg,501,France,[],Wow. Bump the studios. @Netflix is setting the race now. Y'all keep tripping and snubbing they gonna force their wa?
967184997680529000,2018-02-23 23:50:47,10,scarredscarletw,407,cabin 13 ?icon:claryfairchield,[],"RT @WestNewYorker: Enjoy our look around Boulder City, #Nevada at Antique shops. In today's post, I suggest some great @netflix shows that?"
967185064185553000,2018-02-23 23:51:03,0,Bees_elbows,205,"North Huntingdon, PA",[],"RT @lostinspacetv: Danger, Will Robinson! #LostInSpace arrives April 13 on @Netflix."
967185068010738000,2018-02-23 23:51:04,0,RussPalmer,4549,New York,[],"Why does @netflix never put out the sequels of movies????? I've already watched the first one, let me watch them all!"
967185080555721000,2018-02-23 23:51:07,58,NormalPothead,30,My Crib,"[""LostInSpace""]",Why don?t you make it easy on me and be merciful on my heart and just be free .. please? @Netflix
967185114001162000,2018-02-23 23:51:15,0,lostinspacetv,811,,[],@rachlanger @ytv @netflix @reboottgc No.
967185230955188000,2018-02-23 23:51:43,0,iTrevorD,76,"Ontario, Canada",[],"RT @netflix: All trust issues with people named ""Sarah"" can be traced back to this moment in ""The Land Before Time"""
967185249523319000,2018-02-23 23:51:47,0,SponchMan,32,,[],RT @RobbieAmell: I will be on season 2 of A series of Unfortunate Events! Streaming soon on @netflix Unfortunately the mustache isn?t real?
967185287779627000,2018-02-23 23:51:56,0,RansomStoddard1,15,,[],"RT @Kai56405432: #ReneeOConnor #XenaRevival and Original Cast @NetflixLifee @netflix @robtapert @NBCUniversal please, please, please!!! @SY?"
967185317953397000,2018-02-23 23:52:03,0,escobarachel,69,cling to what is good,[],RT @DavidKHarbour: quit flirting with me @netflix . ??
967185410182058000,2018-02-23 23:52:25,1,TheChanceMorgan,378,Netflix,[],@Mardigroan @netflix Come on I wasted $2.50 !
967185444717941000,2018-02-23 23:52:34,0,Jukeha93,273,"Fort Collins, CO",[],"@NetflixFR hello @netflix, depuis la derniŠre mise … jour de l'apps sur @PlayStation #ps4 (le 17/2). Voici le messa?"
967185485226480000,2018-02-23 23:52:43,89,menmademusic,344,UK,"[""Mute""]",Thoughts on the new @netflix original film @mute the latest from @ManMadeMoon - come for the awesome Rudd performan?
967185510128026000,2018-02-23 23:52:49,2,Camelo2017,21,"Puerto Tejada, Colombia","[""Frutillita"",  ""doblaje""]",@JohnBechard @netflix Documentary?
967185510824399000,2018-02-23 23:52:49,8,VibeMagazine,881387,"New York, NY","[ ""SevenSeconds""]","RT @Nastentsija: I want Friday with the Season 3 #DirkGently @Netflix, please, #SaveDirkGently We love this wonderful show!????"
967185560065511000,2018-02-23 23:53:01,0,GleekChef,241,"San Francisco, CA",[],the cluster appearing behind wolfgang and kala with her 'bring it bitch' will always be so epic?
967185583893180000,2018-02-23 23:53:07,79,PM_Fowler,16,"Los Angeles, CA",[],circles of hell: 1. limbo 2. lust 3. gluttony 4. greed 5. anger 6. heresy 7. violence 8. fraud 9. treachery 10. the?
967185599001084000,2018-02-23 23:53:10,0,simcomplete,1150,International,[],"@Stitchpunk83 @netflix I may, too. So many other things to watch, though. You should see my Tivos ??"
967185609948189000,2018-02-23 23:53:13,0,chach369,291,,[],@netflix Yasss #Shuri #WakandaForever Love to you @letitiawright ??????
967185650188542000,2018-02-23 23:53:23,0,mcrmik,62,,[],RT @Danadavidss: @NetflixUK @netflix
967185657625043000,2018-02-23 23:53:24,0,_CamyR,66,Argentina,[],@JohnBechard @netflix I recommend you don't feel guilty about that.
967185696669618000,2018-02-23 23:53:34,5,L0B033,319,Potidaea,"[""XenaRevival""]","Dear @davidchang, you?re awesome and @uglydelicious @netflix is awesome. #UglyDelicious"
967185706505314000,2018-02-23 23:53:36,195,sludgewave34,16,"Red Beach, Auckland",[],@netflix i miss doctor who fuck u guys
967185722837905000,2018-02-23 23:53:40,2,L0B033,319,Potidaea,"[""XenaRevival"" , ""LucyLawless""]",RT @Kira38931594: Xena deserve Revival or Movie @robtapert @SYFY @NBCUniversal @netflix @HBO @nbc and we no need reboot! #XenaRevival https?
967185751858278000,2018-02-23 23:53:47,4,L0B033,319,Potidaea,"[""XXisforXENA"", ""XenaRevival"" , ""XenitesUnitebrng""]",@keriqbaum @netflix @MINDHUNTER_ I will check it out!
967185773354209000,2018-02-23 23:53:52,645,t0mm00,208,Kilkenny,[],RT @netflix: Everything In My Life Changed When @The_OA Cast Me As A Transgender Teen
967185775799529000,2018-02-23 23:53:53,0,caseykeating,170,"Philadelphia, PA.",[],@shudder &gt;&gt;&gt; @netflix
967185786113266000,2018-02-23 23:53:55,0,theGreendalefan,50,"Colorado, USA",[],RT @AnaMSL4ever: #XenaRevival #XenaMovie #XXisforXENA Original Cast @NetflixLifee @netflix @NBCUniversal @robtapert @nbc @RealLucyLawless @?
967185791494521000,2018-02-23 23:53:56,0,AngelFaceDGAF,936,Xbox,[],RT @MalalaFund: SAVE THE DATE: @Malala appears on @Netflix with legendary talk show host David @Letterman on March 9! ????
967185820263375000,2018-02-23 23:54:03,0,verter88,3863,Italy,[],RT @JohnBechard: I haven?t watched @Netflix for a week or so and now I?m feeling guilty. Recommendations?
967185874818687000,2018-02-23 23:54:16,0,s0Cal09,769,"San Antonio, TX","[""OneDayAtATime""]",@pieeatingchamp @netflix I know what I'm watching tonight!
967185886931808000,2018-02-23 23:54:19,1,JohnBechard,17721,"Portland, Maine",[],RT @AnaMSL4ever: #XenaRevival #XenaMovie #XXisforXENA Original Cast #ReneeOConnor @NetflixLifee @netflix @NBCUniversal @robtapert @nbc @Rea?
967185898545779000,2018-02-23 23:54:22,151,ShannonGoodpres,351,United States,"[""TheOutsider""]",RT @VibeMagazine: Review: @Netflix's #SevenSeconds and the worth of black bodies in America
967185902815494000,2018-02-23 23:54:23,4,L0B033,319,Potidaea,"[""XenaRevival"" ]",@JohnBechard @netflix Just started watching Frankenstein Chronicles this week. Dark but good!
967185911401230000,2018-02-23 23:54:25,0,TonyCortezofLA,117,"Los Angeles, CA",[],@netflix OMFG I KNEW I KNEW HER
967185926299451000,2018-02-23 23:54:28,0,kathyfreedom1,62,"New York, NY, USA","[""SaveTheLastTycoon"" ]",RT @Elena11575: #XenaRevival with #OriginalCast LucyLawless ReneeOConnor @NBCUniversal @nbc @netflix @RealLucyLawless @robtapert @SYFY???????
967185929189278000,2018-02-23 23:54:29,4,L0B033,319,Potidaea,"[""XenaRevival"", ""XenaMovie""]",RT @IAmWeCampaign: No no @Netflix must release a trailer or at least a special premier date. We've not settled for less before and we shall?
967185936391004000,2018-02-23 23:54:31,1,ShannonGoodpres,351,United States,[],@JohnBechard @netflix Have you seen @MINDHUNTER_ ??
967185938806989000,2018-02-23 23:54:31,0,dspetro,2898,Michigan,[],@MarvelIronFist @netflix #IronFist #Marvel @Marvel
967185946033644000,2018-02-23 23:54:33,2,NinaMoo07,194,"Brisbane, Australia","[""RenewTravelers""]",RT @LenaDalli: @AnaMSL4ever @NetflixLifee @netflix @NBCUniversal @robtapert @nbc @RealLucyLawless @Zenja20 @thebigloc @Dianafowles @Silvera?
967185954694881000,2018-02-23 23:54:35,5,L0B033,319,Potidaea,"[""XenaRevival"", ""OriginalCast"", ""NoReboot""]",@netflix put pitch perfect 3 on netflix as soon as you can
967185961753903000,2018-02-23 23:54:37,1,ShannonGoodpres,351,United States,[],@LLindsey3rd @purpose1958 @Hollaworldwide @funder @netflix Hope you enjoy it!
967185982561776000,2018-02-23 23:54:42,8,L0B033,319,Potidaea,"[""XenaRevival"" , ""Xena""]","RT @joelmchale: ­llame a su congresista, sacerdote, entrenador, paseador de perros y @netflix @netflixLAT (por supuesto) y d‚jelos saber qu?"
967186035309294000,2018-02-23 23:54:54,0,TBaggins85,273,Ya Mudda,[],"RT @Alex79692759: We need #XenaRevival with original cast, No reboot! @robtapert @UniversalTV @nbc @NBCUniversal @netflix"
967186057988116000,2018-02-23 23:55:00,31,amateurfilmnerd,109,,"[""Mute"", ""Moon"", ""StarWars""]",RT @RachLWhitehurst: the best birthday present i could receive is @netflix adding all the mary-kate and ashley movies
967186078368174000,2018-02-23 23:55:05,0,raneenbukhari,6368,,[],"RT @raygord48449699: #XenaRevival #Xena org cast, please, do #XenaRevival #XenaMovie @netflix @SYFY @nbc @NBCUniversal @NetflixLifee"
967186102405779000,2018-02-23 23:55:10,0,anne_cassity,76,"Louisiana, USA",[],"RT @adamhattan: Dear @QueerEye aka @netflix, I need 9 more seasons greenlit. Each season needs a MINIMUM of 24 episodes. I want Antoni ki?"
967186146622132000,2018-02-23 23:55:21,0,Khthomas32,3,,[],@NageenH @MeganPTweets @CherFeldman @MarkTossell @miller_becka @justicesikakane @danieljpeter @ZacOtero?
967186146672480000,2018-02-23 23:55:21,2,leslie_garcia4,508,"Puerto Rico & San Antonio, Tx",[],"WineShop Fan Friday ~ What pairs with a Friday night in, @netflix &amp; a yummy cheese board? The Fleur Bleu 2016 Seven?"
967186148987736000,2018-02-23 23:55:22,0,MapiPina,189,"Tallahassee,FL","[""TheLittlePrince""]",RT @sydney_sweeney: Remember when untagging was violent? @EverythingSuxTV coming to @netflix February 16th!!
967186190582538000,2018-02-23 23:55:31,1,Flirt4FreeGirls,9695,"Los Angeles, California","[""TheRitual"", ""FilmClub"", ""MovieClub""]",RT @NobrowPress: Guess who's coming to @netflix? @thatlukeperson's HILDA! Thanks to @PublishersWkly for announcing the world premiere at @N?
967186194109948000,2018-02-23 23:55:32,0,jenlawrenceke,49,,[],Dragon ball super para @netflix por favor!
967186206948839000,2018-02-23 23:55:35,0,verter88,3863,Italy,"[""Marvel"", ""Netflix"", ""FridayFeeling""]",Fuck you @netflix for #IrreplaceableYou I feel personally attacked from the final half of the movie. It is beautifu?
967186244848546000,2018-02-23 23:55:44,0,emmanuelmedina,310,,"[""TheCloverfieldParadox""]","- ¨Y qu‚ te pareci¢ la tan promocionada pelicula de @netflix, #TheCloverfieldParadox? Yo:"
967186273885704000,2018-02-23 23:55:51,1,PaigexxThomas,193,,"[""IrreplaceableYou"" ]",@TheDefenders @netflix #Marvel #Netflix #FridayFeeling
967186275865416000,2018-02-23 23:55:52,0,LCustodio_,295,,[],@GraceRandolph @netflix The theatrical one suits the theatres perfectly and the Netflix one suits the Netflix site. They?re both stunning.
967186307280667000,2018-02-23 23:55:59,11,lillian_melcher,31,,[],RT @ReynoldsLayla: Productive Fridaze! Watching #TheRitual now on @netflix .... back online ?? tomorrow ?? #FilmClub #MovieClub #Flirt4?
967186320501170000,2018-02-23 23:56:02,13,luisaeli4s,150,shorty's saloon,[],"The animation in #TheLittlePrince is absolutely superb! I love the mix of two different creative styles. Kudos, @netflix"
967186345717252000,2018-02-23 23:56:08,3,WineShopAtHome,2342,Napa,[],RT @SantosRobertoo: @netflix Tom and jerry please? Can we?
967186371533156000,2018-02-23 23:56:15,0,ericdresh,8717,"Evansville, Indiana",[],@netflix Chris Rock?s new comedy is disgusting. Murder children? Really? is this entertainment? I and many others w?
967186373240226000,2018-02-23 23:56:15,125,kristen_45,35,Australia,[],"@its_willyu @netflix How are they so different? Anyway, it must be exhausting to be ""outraged"" all the time. In the?"
967186405507056000,2018-02-23 23:56:23,7,L0B033,319,Potidaea,"[""XenaRevival"", ""Xena"", ""XenaRevival"", ""XenaMovie""]",There are at least two Saudi actresses on @netflix already. I love me some Ahd Kamel but I'm tired of this trope.
967186416701706000,2018-02-23 23:56:25,62,_hilem,56,United States,[],"RT @MakingStarWars: @RianJohnson Q&amp;A with @ManMadeMoon for @Netflix's ""Mute."" #Mute #Moon #StarWars"
967186439078203000,2018-02-23 23:56:31,7,L0B033,319,Potidaea,"[""XenaRevival""]",@its_willyu @netflix Seems you should write your own movie script then and stop complaining about other people?s art....
967186464369992000,2018-02-23 23:56:37,19,ejruiz,112,"Gainesville, FL",[],RT @Kai56405432: We want a #XenaRevival with original cast @NBCUniversal @netflix @hulu @AmazonStudios #Xena
967186470787105000,2018-02-23 23:56:38,0,Lisa88270167,50,"California, USA",[],RT @Sanaryelle: @IndieWire @netflix Jared Leto becomes a ?Yakuza Killing Machine?? Like Tom Cruise was ?The Last Samurai?? Seriously?
967186549111534000,2018-02-23 23:56:57,0,BrandonGoyette,7,,[],RT @anokhina_1997: We need #XenaRevival with #OriginalCast #NoReboot! @robtapert @UniversalTV @nbc @NBCUniversal @netflix
967186558162936000,2018-02-23 23:56:59,5,L0B033,319,Potidaea,[],Ok Olympics are over.... @netflix it's time to #RenewTravelers
967186580791284000,2018-02-23 23:57:04,0,verter88,3863,Italy,"[""IronFist"" ,""Marvel""]",The Chris Rock @Netflix comedy had some laughs and some pandering about being black that was embarrassing. And he?
967186634084180000,2018-02-23 23:57:17,0,keriqbaum,4900,Midwest ??????,[],RT @TheKenReedyShow: @IndieWire @netflix And still no one has a problem with the main Italian characters in The Assassination of Gianni Ver?
967186665851769000,2018-02-23 23:57:25,6,LesleyOliverA,200,"Ontario, Canada ????",[],RT @kJ0uIgaDACht9c0: #XenaRevival with original cast or #XenaMovie @robtapert @UniversalTV @nbc @netflix @NetflixLifee @NBCUniversal https?
967186669408461000,2018-02-23 23:57:26,7,L0B033,319,Potidaea,"[""XenaRevival"", ""OriginalCast""]",@SaveTLT @netflix @Netflix_CA @NetflixUK Please sign our petition to #SaveTheLastTycoon
967186689096585000,2018-02-23 23:57:30,0,DavierRoss,127,469,[],7 episodes into ALTERED CARBON and I?m now just realizing how trash this show is. I tried @netflix ???????
967186690489111000,2018-02-23 23:57:31,0,eMCharge,2559,Infuriation Falls,[],RT @Elena11575: @nbc @NBCUniversal @robtapert please! Do #XenaRevival @netflix @SYFY
967186695350301000,2018-02-23 23:57:32,8,SClass68,80,,"[""SevenSeconds""]",RT @IndieWire: #TheOutsider Trailer: Jared Leto Becomes a Yakuza Killing Machine in @netflix Original
967186705819161000,2018-02-23 23:57:34,14,L0B033,319,Potidaea,"[""XenaRevival"", ""XenaMovie"", ""XXisforXENA"", ""ReneeOConnor""]",I haven?t watched @Netflix for a week or so and now I?m feeling guilty. Recommendations?
967186730871935000,2018-02-23 23:57:40,0,Stitchpunk83,116,"Orlando, FL",[],Watching buddy ???? @netflix @OneDayAtATime #OneDayAtATime
967186732637704000,2018-02-23 23:57:41,1,Mardigroan,7022,,[],@MarvelIronFist @netflix
967186732809630000,2018-02-23 23:57:41,614,dobrevcbellos,2052,@ltwhsrry ???,[],@Netflix why do you feel the need to advertise this move as a ?strong? black lead? We can see the main characters a?
967186743240741000,2018-02-23 23:57:43,15,L0B033,319,Potidaea,"[""XenaRevival"", ""XenaMovie"", ""XXisforXENA""]",@joelmchale @netflix @NetflixLAT Did you learn all this at Greendale??
967186757103047000,2018-02-23 23:57:47,0,alliisonthomas,69,"Crawfordsville, IN",[],@dan_corkery @QueerEye @netflix It legitimately warmed my heart - how many things can do that these days?
967186771598602000,2018-02-23 23:57:50,113,KitsunenoYoukai,240,,[],RT @ManMadeMoon: Well! That should be @mute gone live on @netflix all over the world! ?? you all! I?m off to bed!
967186780276609000,2018-02-23 23:57:52,0,JohnBechard,17721,"Portland, Maine",[],"RT @Alina72649228: @NetflixLifee @netflix @nbc @NBCUniversal #XXisforXENA #XenaRevival #XenitesUnitebrng legend back, give us Xena Revival?"
967186802950853000,2018-02-23 23:57:57,5,L0B033,319,Potidaea,"[""XenaRevival""]",RT @JohnGilles6: @netflix @NBCUniversal @nbc @SYFY @robtapert PLEASE! We want just full 7th season of #XenaRevival with #LucyLawless and #R?
967186854226420000,2018-02-23 23:58:10,0,oxmat_,82,i ? tay,[],RT @spidadmitchell: So @netflix took @BurnNotice_USA off its website!! This really hurts me honestly! This is my favorite show and if there?
967186881489375000,2018-02-23 23:58:16,0,MandyLeeLawson,296,"Dallas, TX","[""UglyDelicious""]",RT @Kira38931594: #XenaRevival with original cast will be epic and we will stand up calling for it until it happens. @NBCUniversal @netflix?
967186884198851000,2018-02-23 23:58:17,0,Mardigroan,7022,,[],"@joelmchale @netflix @NetflixLAT Ver a @joelmchale, @alisonbrie y @RashisTVUgly me ilusion‚ con una pel¡cula de?"
967186886472151000,2018-02-23 23:58:17,1,Cxrlitaaa,943,Ldn&Birms,[],I'm more than a little obsessed with the Dirty Money episode about the Maple Syrup Heist in Canada on @netflix. Bec?
967186907162583000,2018-02-23 23:58:22,0,perazaamy,227,Everywhere,"[""Shuri"", ""WakandaForever""]","@netflix, I love you so much, but I also hate you (but not rlly). @QueerEye should?ve come out in a box set series?"
967186911885451000,2018-02-23 23:58:23,0,pieeatingchamp,524,Atlanta,[],"Have plans tonight? Yes you do ?? The new docuseries, UGLY DELICIOUS, premieres TONIGHT on @netflix. UHD finishing?"
967186933527986000,2018-02-23 23:58:29,1,OMFGrhombus,171,,[],"RT @Corey_Champagne: Alright world, ?Seven Seconds? is now yours. Enjoy ?? @netflix"
967186958945485000,2018-02-23 23:58:35,0,KalagangInParis,1407,United Kingdom,[],@cbbzor @angryasianman @netflix Wait..This shit is on @netflix ??? WTF Netflix? GET RID OF THIS CRAP!!!
967187001115075000,2018-02-23 23:58:45,12,Elena_Wendimoor,25,"????????? ???????, ??????","[""DirkGently"", ""SaveDirkGently""]",Review: @Netflix's #SevenSeconds and the worth of black bodies in America
967187019398033000,2018-02-23 23:58:49,0,moshu_ny,24,"New York, USA",[],RT @doblajeVe: RositaFresita #Frutillita #doblaje @NetflixLAT @netflix @Discovery_Kids @DisneyJunior1
967187033079861000,2018-02-23 23:58:52,0,chrisfrye,295,"North Carolina, USA",[],RT @The_Real_IMAN: Today is the day! Don?t miss out on watching @ManMadeMoon Duncan Jones? movie Mute @mute on @netflix #Mute #manmademovie?
967187070392455000,2018-02-23 23:59:01,1,sultanelturrah,145,"Brussels, Belgium","[""ps4"" ]",@netflix I?m just try and keep it together during ?Irreplaceable You.?
967187082358731000,2018-02-23 23:59:04,0,JohnBechard,17721,"Portland, Maine",[],"RT @_mike_torres: Dear @netflix , thanks for bringing back The Sou- I mean the @JoelMcHaleShow with @joelmchale"
967187125987873000,2018-02-23 23:59:14,6108,sanford_meghan,58,,[],I?m sick. I am contagious. I am not leaving my house. I *need* @netflix or @amazon prime recommendations pronto please!!!!
967187130433679000,2018-02-23 23:59:16,1,L0B033,319,Potidaea,"[""ReneeOConnor"", ""XenaRevival""]",@its_willyu @netflix Cause Asian movies give American actors such juicy roles. Right?
967187146015683000,2018-02-23 23:59:19,315,Rockets2Writing,1300,Lost in space,[],"@its_willyu @netflix Reminder that Japan has a huge movie industry of their own, almost always staring all Asian ca?"
967187158212665000,2018-02-23 23:59:22,1965,thenameisclarky,555,"Eagle River, AK",[],Heeeey @Netflix if you make me wait two years for season 2 of Altered Carbon and @joelkinnaman Imma unsubscribe. N?
967187190177346000,2018-02-23 23:59:30,0,MrLitvin,49,"Toronto, Ontario",[],@MoKrier @netflix Not long to wait. The Jupiter 2 is about to take off for an amazing journey of wonder.
967187193021305000,2018-02-23 23:59:30,0,hrlilozyni_,271,,[],"RT @netflix: If you're looking for #LostInSpace spoilers, just ask @NASA"
967187194870890000,2018-02-23 23:59:31,0,missy_flanagan,248,,[],@joelmchale @netflix @NetflixLAT Netflix y fr¡o (mi espa¤ol no es perfecto. ¨Fr¡o es mismo de ?chill??)
967187196741607000,2018-02-23 23:59:31,1018,RobtheteacherBB,29,"The Acreage, FL","[""LostInSpace""]",@netflix plz put Fresh Prince of Bel Air on thank u
967187226542166000,2018-02-23 23:59:38,86,mysideof50,4928,"Tomball, TX","[""Nevada"" ]",RT @sedirox: @netflix I just watched that episode of Black Mirror.
967187236658725000,2018-02-23 23:59:41,0,AHnomaly,622,"Los Angeles, CA",[],RT @Eben_Lompo: Donc aprŠs Death Note c?est au tour de Full Metal Alchemist @netflix ? Touchez … Hunter x Hunter ‡a va sortir dans les rues?
967187239150215000,2018-02-23 23:59:41,0,karaoklee,249,,[],Praying for @netflix hopefully y?all make sum shake. Add movies that will get y?all ratings up #Duh ?????????
967187286600413000,2018-02-23 23:59:53,0,JDHidalgo94,105,"Tres R¡os, Cartago, Costa RIca",[],@joelmchale @netflix @NetflixLAT You are tremendo!!
967187292896014000,2018-02-23 23:59:54,0,RobtheteacherBB,29,"The Acreage, FL",[],"every show I end up watching with deep intent and interest, ends up being cancelled on @netflix ... Bring back @DamnationTV :/"
967187297623052000,2018-02-23 23:59:55,4624,wakandastark,5762,Royaume-Uni,[],@schsnapp @SadieSink @noah_schnapp @Stranger_Things @netflix @SadieSink @noah_schnapp @Stranger_Things @netflix
967187308138045000,2018-02-23 23:59:58,6015,TheOtherOsama,854,Redmond,[],RT @PetsforPatriots: Let King make your home a castle! Senior pup loves binging on @netflix + lounging on the couch w/his humans. Ok with o?
967545175928009000,2018-02-24 23:42:00,0,LeonardRaymundo,1490,"Seattle, WA",[],RT @detroitnews: .@netflix is releasing a new documentary on Flint police called #FlintTown. Check out the trailer here:
967545186418151000,2018-02-24 23:42:03,0,gabrielleaff,958,,[],"RT @netflix: When Letitia Wright gets behind the wheel, you know something badass is about to happen."
967545193707856000,2018-02-24 23:42:04,1,HarryGamut,30,,[],RT @ALT1053Radio: Jared Leto &amp; Emile Hirsch are among the stars of this @netflix movie coming in March.
967545231901159000,2018-02-24 23:42:14,0,YouRuinEveryPod,174,"Minneapolis, MN",[],@Netflix depois desse final eu preciso da season 2 de Everything Sucks pra ontem pls
967545347626082000,2018-02-24 23:42:41,0,lilliankate,941,"Waterloo, Ontario",[],@MicrophoneJones @netflix ????
967545409525740000,2018-02-24 23:42:56,0,India_Emani,749,dMv,"[""SevenSeconds""]",RT @ILoveEvilEnigma: #Roswell is my favorite show. @netflix dropped the ball when they let it go &amp; @hulu picked it up. Now they have a chan?
967545420363846000,2018-02-24 23:42:58,0,SilviaDos1,1244,,"[""Los100""]",@its_willyu @netflix Where I think there is an interesting opportunity for exploration of themes in this kind of st?
967545436671234000,2018-02-24 23:43:02,1,jmaglier,2565,Buenos Aires,"[""temporada"", ""Marseille"", ""Imperdible""]",RT @its_willyu: STOP. WRITING. AROUND. US. @netflix
967545436838990000,2018-02-24 23:43:02,11,roswellback,793,,"[""BaronAndToluca""]",RT @SFXmagazine: The 25 best TV shows on @Netflix (February 2018)
967545465892954000,2018-02-24 23:43:09,7,roswellback,793,,"[""NETFLIXforBandT"", ""Roswell""]",@netflix @NetflixLAT lo peor q pudieron hacer es sacar How i met your mother necesito ver unos episodios ??
967545467218420000,2018-02-24 23:43:10,0,jakethewise97,98,,[],RT @netflix: Don't drop your Eggos. Rumors that the Duffer Bros are leaving Stranger Things after season 3 are false.
967545480501715000,2018-02-24 23:43:13,0,raisehades,45,raphael; he/him; berlin,[],Join the #SaturdayNightSciFi crew for our livetweet of #ThePrestige?? on @netflix at 10pmEST. Prepare to be amazed?
967545480925229000,2018-02-24 23:43:13,11,JYlevendis,227,Roswell New Mexico,"[""BandT"", ""NetflixForBandT""]",@ChiragMadhrani @netflix It is actually good.. Especially the 3rd epi: Drug Short
967545487606862000,2018-02-24 23:43:15,29,ChelleBen21,53,Ireland,"[""NETFLIXforBandT"",""BANDT"" ]",From award winning #Screenwriter @BenFiore59 A Pilot script for an all-new crime drama TV series project! Ben's id?
967545496599372000,2018-02-24 23:43:17,30,JYlevendis,227,Roswell New Mexico,"[""ThoughtsWhenScrollingNetflix"" ]",RT @spidadmitchell: So @netflix took @BurnNotice_USA off its website!! This really hurts me honestly! This is my favorite show and if there?
967545537997160000,2018-02-24 23:43:27,0,shackas,1572,Sydney,[],@agriff1979 @netflix But my first question was how many peope are watching? You claimed to know that correct?
967545574038954000,2018-02-24 23:43:35,11,RupinderKGill,2980,"England, United Kingdom",[],RT @spidadmitchell: #BRINGBACKBURNNOTICE @netflix
967545626182504000,2018-02-24 23:43:48,0,adspedia,12007,"Cluj Napoca, Romania",[],"RT @shadowandact: Trailer released for Roxanne Shant‚ biopic, starring Chant‚ Adams, #MahershalaAli and @NiaLong set to debut on @Netflix.?"
967545682050601000,2018-02-24 23:44:01,16,Madyishujia,92,New York,"[""DirkGently"", ""SaveDirkGently""]","RT @SamuelDeats: @Matthew_26 @netflix Haha, we are working on it super hard, 8 episodes this time!"
967545712694116000,2018-02-24 23:44:08,0,wellezumleben,120,,[],@spidadmitchell @CaseyFraleigh @netflix Literally started watching this get five episodes in and it's getting take off two days later. Fml
967545790620230000,2018-02-24 23:44:27,0,PrfctLitlBites,2296,"Frederick, MD",[],RT @_AlienAdvocates: Whatever it takes! @Netflix #NetflixforBandT Hmm.. we will help to promote it.
967545833934631000,2018-02-24 23:44:37,0,devinarnhold13,5476,Backwoods Badass,[],Damn it I miss @FamilyGuyonFOX. Why did @netflix have to remove it ??. @SethMacFarlane
967545884799009000,2018-02-24 23:44:49,0,Edges_N_Paris,750,"Paris, France",[],Everyone went BANANAS over the reboot news but why can?t we have #BARONandTOLUCA too?! The #Dans need your help .?
967545936917524000,2018-02-24 23:45:02,0,oh_JodieBaby,772,"Tulsa, OK",[],@oh_JodieBaby @SavageTV1 @LeonardRaymundo @eveirecarolina @TommyKeavy @its_willyu @netflix I love First Class and D?
967545940247708000,2018-02-24 23:45:02,0,MserRockstar,1670,anywhere everywhere right here,"[""IrreplaceableYou""]",Everyone needs to watch @Netflix Dirty Money episode about @realDonaldTrump (episode six)
967545942118461000,2018-02-24 23:45:03,6,ILoveEvilEnigma,4589,"Edgewater, FL","[""BaronAndToluca""]",#SexyIn5Words: #JakeBaron and #TolucaMendez! ?????? @netflix #NETFLIXforBandT @hulu #HULUforBandT @SYFY #SYFYforBandT?
967545975714828000,2018-02-24 23:45:11,36,AnalorenaSmile,23,Espa¤a,"[""Eldesconocido""]","RT @_AlienAdvocates: TOLUCA is amazing.She needs a best friend..Liz, Hm..What rhymes?Liz..We need @MajandraD's creativity. @netflix let's s?"
967546034518884000,2018-02-24 23:45:25,0,JerAtTheMovies,1408,Toronto,[],@coltsmith2714 @LeonardRaymundo @SavageTV1 @eveirecarolina @TommyKeavy @its_willyu @netflix They all had their mome?
967546047315829000,2018-02-24 23:45:28,0,iamkingreggie_,35,,[],"@uglydelicious I just watched the 1st episode, I ?? @azizansari &amp; @davidchang, pizza in Tokyo! @netflix is the bes?"
967546052206322000,2018-02-24 23:45:29,0,SpootNoot,42,Illinois,[],"RT @jymmeash: Y?all, go watch Crazyhead. It is definitely worth the time put into watching it. It is hilarious! @netflix"
967546058741047000,2018-02-24 23:45:31,14003,_sean_parker,97,,[],These streaming services been sleeping on the Selena movie too long heller @netflix may we get the hook-up plz
967546063648371000,2018-02-24 23:45:32,0,save_eyewitness,31,,[],@netflix WHY WOULD U TAKE FAMILY GUY OFF?
967546074209677000,2018-02-24 23:45:34,0,francescomph,133,"Lisbona, Portugal","[""firstteam""]",RT @andrewcurryla: Can we take a moment to appreciate @netflix?s @QueerEye excellent casting ... @antoni #QueerEye #foodandwine (1/5) http?
967546132535497000,2018-02-24 23:45:48,0,racheleigh13,664,Los Angeles,[],RT @guerinsss: Okay .@netflix here?s the deal: there?s this new amazing show that I need u check out #NETFLIXforBan?
967546171177816000,2018-02-24 23:45:58,1965,NicoleAMurray1,34,"Atlanta, GA",[],RT @sam_the_samrock: MAN I?D REALLY LIKE TO WATCH SOME HOW I MET YOUR MOTHER RIGHT NOW @netflix @Netflix_CA @NetflixUK @NetflixMENA @Netfli?
967546181097329000,2018-02-24 23:46:00,3,_AlienAdvocates,77,Fandom,"[""NetflixforBandT""]","@NeutralZoneChat @blakeussery007 @netflix @CBS @thegoodfight @JWagz According to CBS of course, the show had critic?"
967546184444203000,2018-02-24 23:46:01,0,L_Gordito,363,"Oakland, CA",[],@Ryan_M_Unicomb @netflix But Netflix isn?t mainstream cinema. What do critics have to gain from reviewing Netflix f?
967546236550214000,2018-02-24 23:46:13,212,ohlookitsmiaa,804,Pending ????,[],@agriff1979 @kayla_gabrielle @hausmuva @chancetherapper @netflix Lol. I have it sweetie. In fact I need it considering where I live ????.
967546242032198000,2018-02-24 23:46:14,0,StudioQTV,23701,StudioQTV@gmail.com,"[""7Seconds""]",@coltsmith2714 @SavageTV1 @LeonardRaymundo @eveirecarolina @TommyKeavy @its_willyu @netflix I feel you on that. Tha?
967546249770660000,2018-02-24 23:46:16,1,oh_JodieBaby,772,"Tulsa, OK",[],"@netflix What did I just watch, and why does this exist? I'm so beyond confused??"
967546257093906000,2018-02-24 23:46:18,0,eak_19,293,"Lock Haven, PA",[],"Mis amores, ya vieron #Eldesconocido por @netflix No se pierdan la vida de Karla en esta historia ???"
967546278526767000,2018-02-24 23:46:23,0,jen_sewell,162,,"[""everythingsucks""]",RT @billburr: It?s about f***ing time! #FIsForFamily is back May 30 on @Netflix.
967546291482853000,2018-02-24 23:46:26,9,kriselless,94,"Vancouver, BC, Canada","[""BandT"", ""NETFLIXforBandT"", ""BaronAndToluca""]",BUT THEN. I met these guys @jvn @antoni @QueerEye @bobbyberk @KaramoBrown @tanfrance who have opened my eyes and sh?
967546316153917000,2018-02-24 23:46:32,2,gentlyicarus,1327, she/her ?multifandom trashcan,"[""SaveDirkGently""]",@Contrarah @INNSMOUTHxSHADE @uren_marc @AlanTudyk @netflix Mine are spending the year dead for tax reasons.
967546320201294000,2018-02-24 23:46:33,0,iamtheivann,48,Moon,[],"@its_willyu @netflix IMO, is a Supply and demand issue. There is demand for Asian actors in lead rolls, but little?"
967546341348950000,2018-02-24 23:46:38,0,Hollistic3346,100,Wherever the stream of creation takes me,[],Is @netflix tracking my menstrual cycle?
967546376807739000,2018-02-24 23:46:47,62,sofia_sem_xx,877,????,[],@netflix put labyrinth back on or so help me god
967546433032225000,2018-02-24 23:47:00,5,_AlienAdvocates,77,Fandom,[],Remember to tell everyone you know to sign the petition! We can make it to 100K! Then @netflix will have a very har?
967546437641753000,2018-02-24 23:47:01,0,Ryan_M_Unicomb,1020,Australia,[],@Edges_N_Paris @agriff1979 @hausmuva @chancetherapper @netflix If she was doing so well why didn?t they offer her a lot of money then ?
967546444063396000,2018-02-24 23:47:03,0,Cocoluvsball,179,Living My Life,"[""SevenSeconds""]",RT @_AlienAdvocates: .@netflix @hulu @syfy @AmazonStudios I am writing because of #BARONandTOLUCA! We miss Majandra + Brendan on TV. #NETFL?
967546503492354000,2018-02-24 23:47:17,5,kriselless,94,"Vancouver, BC, Canada","[""BARONandTOLUCA"", ""Netflixforbandt""]",@schibnight @netflix @idofmovie Nice!!!! Keep that shit up!
967546521402135000,2018-02-24 23:47:21,0,rowland_micah,1,,[],@nowthisisliving ok now you have me hooked on Everything Sucks on @Netflix . The soundtrack is crazy good! ???? I fee?
967546529157403000,2018-02-24 23:47:23,4,ChelleBen21,53,Ireland,"[""BaronAndToluca""]","Binge watching a show on @netflix called, ? DARK? I am really enjoying it!! #checkitout #netflixandchill"
967546553639485000,2018-02-24 23:47:29,0,amyjems,136,,"[""Mute"", ""DuncanJones"", ""Moon"", ""died""]",@LeonardRaymundo @oh_JodieBaby @SavageTV1 @eveirecarolina @TommyKeavy @its_willyu @netflix The focus on Wolverine d?
967546566792884000,2018-02-24 23:47:32,2,obsen8,73,,[],@SmithRamparts @INNSMOUTHxSHADE @uren_marc @AlanTudyk @netflix My people are in suspended animation so it could take a while
967546572148912000,2018-02-24 23:47:33,6,kriselless,94,"Vancouver, BC, Canada","[""BandT"", ""NETFLIXforBandT"", ""BaronAndToluca""]",RT @_AlienAdvocates: @netflix? Please do your TV magic! #RoswellMagic #BARONandTOLUCA
967546588632617000,2018-02-24 23:47:37,0,xoxocendi,175,under the sea,[],"RT @seangares: @C9shroud @netflix DUDEEEE, i've been trying to get ppl on the big mouth train for a while now.... fkn hilarious"
967546659600306000,2018-02-24 23:47:54,0,coltsmith2714,98,,[],@kayla_gabrielle @agriff1979 @hausmuva @chancetherapper @netflix #FactsMatter
967546692886286000,2018-02-24 23:48:02,6,guerinsss,102,Argentina,[],"@LeonardRaymundo @coltsmith2714 @SavageTV1 @eveirecarolina @TommyKeavy @its_willyu @netflix Legion is pretty crazy,?"
967546698535858000,2018-02-24 23:48:03,6,kriselless,94,"Vancouver, BC, Canada","[""BandT"", ""NETFLIXforBandT"", ""BaronAndToluca""]","RT @C9shroud: I'd just like to say Big Mouth on @netflix might just be my new favorite comedy show. That is all, going live soon."
967546726809833000,2018-02-24 23:48:10,6,CedEntertainer,1140484,"Los Angeles, CA/ St.Louis,Mo",[],"Hello? @netflix, @hulu, @PrimeVideo, @SYFY are any of you realizing yet that #BaronAndToluca is too good to pass up?"
967546774293381000,2018-02-24 23:48:21,5,kriselless,94,"Vancouver, BC, Canada","[""Roswell"", ""BARONandTOLUCA""]",Needed a new show to watch &amp; I?ve got a few recommendations for the new version of 90210 on @netflix &amp; I?m actually?
967546782556209000,2018-02-24 23:48:23,12,JYlevendis,227,Roswell New Mexico,[],"@MalalaFund @Malala @netflix @Letterman Sure, will be watching."
967546790605132000,2018-02-24 23:48:25,0,oh_JodieBaby,772,"Tulsa, OK",[],@QueerEye @netflix We need more episodes of this show @netflix ! It is so uplifting and much needed right now .
967546816223789000,2018-02-24 23:48:31,4,kriselless,94,"Vancouver, BC, Canada","[""BARONandTOLUCA""]",RT @_AlienAdvocates: You?re missing Roswell? Check out B+T&amp;fall in love with #scifi stories..in addition..there?s so much CANDY! @netflix #?
967546851741151000,2018-02-24 23:48:40,4,kriselless,94,"Vancouver, BC, Canada","[""NETFLIXforBandT"", ""BaronAndToluca""]",Put girls trip on @netflix
967546852680770000,2018-02-24 23:48:40,1,AnthonyBolo1,549,"Vancouver, British Columbia",[],RT @Loxley92: ???? .@netflix .@hulu .@SYFY #NETFLIXforBandT #Roswell
967546916841157000,2018-02-24 23:48:55,0,TFMineRealm,99,"My House, The Earth",[],@Contrarah @INNSMOUTHxSHADE @uren_marc @AlanTudyk @netflix Let's have your people talk to their people.
967546921945481000,2018-02-24 23:48:57,4,kriselless,94,"Vancouver, BC, Canada","[""B"", ""BARONandTOLUCA""]",RT @_AlienAdvocates: Enjoy the #Roswelleasteregg filled trailer for #BARONandTOLUCA #shareit and ask @Netflix to make it #NetflixForBandT
967546937716060000,2018-02-24 23:49:00,0,ariana_sanglay,19,in your heart,[],why isnt s1 of andi mack on netflix @netflix
967546959094362000,2018-02-24 23:49:05,3,kriselless,94,"Vancouver, BC, Canada","[""Candy"", ""BARONandTOLUCA"", NetflixForBandT""]",RT @fan_BTS_7: @netflix please please please pick up Dracula season 2 #NetflixSaveDracula
967546963368579000,2018-02-24 23:49:06,0,halfnelson1973,145,"Waterbury, Connecticut USA","[""Annihilation""]",RT @fatbaldguyracin: @netflix error code wont work whats the deal
967546965583127000,2018-02-24 23:49:07,0,coltsmith2714,98,,[],@netflix I have a show idea. @HamillHimself interviews different people and provides commentary on current events.?
967546970607940000,2018-02-24 23:49:08,1,coach_Jamal,651,Raleigh/Durham/Chapel Hill,[],"Wow, @mute is going to stick with me for a while. So many conflicted feelings about it to digest. Can?t wait to w?"
967547118121402000,2018-02-24 23:49:43,5,kriselless,94,"Vancouver, BC, Canada","[""BARONandTOLUCA"", ""NetflixForBandT""]",@twbryant26 @7SecondsNetflix @netflix I?m on episode 5 and I agree. Her constant drinking is getting on my nerves.
967547131706991000,2018-02-24 23:49:47,0,kayla_gabrielle,1309,ATL/Houston,[],"@netflix stop skipping the intro of anime, you fucks especially for stuff with multiple intros (or at least, let me toggle it, damn you)"
967547201412043000,2018-02-24 23:50:03,2,ILoveEvilEnigma,4589,"Edgewater, FL","[""BaronAndToluca"", ""Netflix""]","RT @Amir_Off: If just like me, you fell for @LaCasaDePapelTV ???? #BellaCiao #LaCasaDePapel @netflix"
967547201554735000,2018-02-24 23:50:03,5,ILoveEvilEnigma,4589,"Edgewater, FL","[""Roswell""]",@shackas @netflix literally none of those are mainstream cinema. Eyes open dude.
967547238170943000,2018-02-24 23:50:12,1,bathbaby82,186,,"[""HoneyIShrunkTheKids"", ""80sbaby"", ""NetflixandChill""]",@its_willyu @netflix Seriously - nowadays?
967547247314506000,2018-02-24 23:50:14,0,MadameRuthie,707,On the Moon,[],"With that eye for fashion, Baron and Toluca is gonna be one trendy show!! Why don?t u jump on trend already .?"
967547256953098000,2018-02-24 23:50:16,0,_jamie1988,31,"Chicago, IL","[""onedayatatime""]",RT @nightshiftDE: Do you agree that there can never be enough #scifi programming on our TV?! #BaronAndToluca #NETFLIXforBANDT Tell @NETFLIX?
967547302612095000,2018-02-24 23:50:27,2,kriselless,94,"Vancouver, BC, Canada","[""YouDidntExpect""]",RT @BranNicho: People watching #BatesMotel season 5 for the 1st time tomorrow when it hits @netflix It really is a great season! When you?
967547311231562000,2018-02-24 23:50:29,0,OrlandoArandaH,1795,"Santiago, Chile","[""LosPiratasDelCaribe""]",#OZARK on @netflix was another good binge.
967547350846706000,2018-02-24 23:50:39,0,Ninaa1227,30,,[],RT @UnfortunateTV: Some unfortunate Valentine?s Day cards?#ASOUE (via @netflix)
967547393624433000,2018-02-24 23:50:49,0,mamasmoney,31234,"Chicago, IL","[""StreamTeam"", ""me"", ""reviews""]",RT @DebiDerryberry: I love being on Buddy Thunderstruck! Make sure you watch the first season! @netflix
967547415082471000,2018-02-24 23:50:54,0,wirgoh,302,"New York, USA",[],RT @BandTfans: Did you watch it @Netflix? #NETFLIXforBandT Pick it up please! #BaronAndToluca
967547427283649000,2018-02-24 23:50:57,0,ModTrav,17611,organic foodie & gear junkie,[],@coltsmith2714 @SavageTV1 @LeonardRaymundo @eveirecarolina @TommyKeavy @its_willyu @netflix Oh OK I see ??
967547453053522000,2018-02-24 23:51:03,3,Loxley92,69,"Cotswolds, England",[],"@Edges_N_Paris @kayla_gabrielle @hausmuva @chancetherapper @netflix Not true, when they bought the content. They ar?"
967547465003041000,2018-02-24 23:51:06,1,veronicalderon,18056,M‚xico DF,[],@INNSMOUTHxSHADE @SmithRamparts @uren_marc @AlanTudyk Yes!! Hello @netflix I want only blue coloured m&amp;ms and my pr?
967547488008917000,2018-02-24 23:51:11,0,PaperBagPerson,266,,[],@uglydelicious @netflix Watching it as you write!!
967547500222595000,2018-02-24 23:51:14,6,kriselless,94,"Vancouver, BC, Canada","[""BaronAndToluca"", ""BandT""]",@netflix error code wont work whats the deal
967547514600722000,2018-02-24 23:51:18,0,oh_JodieBaby,772,"Tulsa, OK",[],"@Ryan_M_Unicomb @netflix Mudbound, Beats Of No Nation, Gerald?s Game, 1922, Jim &amp; Andy, The Square, Barry, Okja and?"
967547556421976000,2018-02-24 23:51:28,9,kriselless,94,"Vancouver, BC, Canada",[],"What a time to be alive for sci-fi fans...#StargateOrigins bringing us new 'Gate (with potential for more),?"
967547566605955000,2018-02-24 23:51:30,82,iarastenshi,10,,[],Evil needs to be defeated... @Netflix @JamesPurefoy #SolomonKane2
967547571353747000,2018-02-24 23:51:31,0,FutureVAJDMonat,257,"Vancouver, British Columbia",[],"@netflix still holds up even now , so entertaining ?????? #HoneyIShrunkTheKids"
967547585803190000,2018-02-24 23:51:35,0,MicrophoneJones,811,"Trenton, NJ",[],"@nerdy_bullshit @netflix I?m me, having just solved a very killey case."
967547591247331000,2018-02-24 23:51:36,3,kriselless,94,"Vancouver, BC, Canada","[""BARONandTOLUCA"", ""NetflixforBandT""]",@oh_JodieBaby @SavageTV1 @LeonardRaymundo @eveirecarolina @TommyKeavy @its_willyu @netflix And I actually did care?
967547634197021000,2018-02-24 23:51:46,6,Raymondfletch14,166,,[],@billburr @netflix Ever see Wait Till Your Father Gets Home?
967547653146935000,2018-02-24 23:51:51,0,D8Robert,5078,,"[""JonBernthal"", ""AmberRoseRevah""]","RT @ILoveEvilEnigma: As much as I wish @netflix was smart enough to snatch up #BaronAndToluca, maybe @hulu, @PrimeVideo or @SYFY will be. I?"
967547659891470000,2018-02-24 23:51:52,0,Giant_Jack,314,"Barre,Ma",[],RT @aurel5701: @netflix @hulu @SYFY Still here. Still asking for #BaronAndToluca and still waiting for it to happen. Kind of tired but stil?
967547668581925000,2018-02-24 23:51:55,0,LeonardRaymundo,1490,"Seattle, WA",[],#SevenSeconds on @netflix ? best show in years...
967547677012582000,2018-02-24 23:51:57,0,jannaherbison,370,"Memphis, TN","[""SevenSeconds""]","@oh_JodieBaby @coltsmith2714 @SavageTV1 @eveirecarolina @TommyKeavy @its_willyu @netflix I?ll give you that, but to?"
967547737708274000,2018-02-24 23:52:11,5,kriselless,94,"Vancouver, BC, Canada","[""BaronAndToluca""]",Just finished season 1 of The Frankenstein Chronicles and like why aren?t more people talking it? It?s fantastic!! @netflix
967547742967947000,2018-02-24 23:52:12,6,JYlevendis,227,Roswell New Mexico,"[""BaronAndToluca""]",What an amazing series with an amazing cast!!! INCREDIBLE!!! @netflix @ThePunisher #JonBernthal #AmberRoseRevah?
967547764803555000,2018-02-24 23:52:17,0,gamergirl4611,69,,[],RT @CedEntertainer: Y?all get ready to check out the kid ! @marlonwayans New special Feb27 @netflix This dude?
967547804385251000,2018-02-24 23:52:27,0,coltsmith2714,98,,[],RT @_AlienAdvocates: The chemistry! @Netflix The chemistry! Add it to your schedule please! #BARONandTOLUCA #NetflixforBandT
967547835007693000,2018-02-24 23:52:34,0,Hollistic3346,100,Wherever the stream of creation takes me,[],"@ha_banero @netflix Documentary: ""Defiant Ones""."
967547860861546000,2018-02-24 23:52:40,0,bathbaby82,186,,"[""HoneyIShrunkTheKids""]",@DebiDerryberry @netflix I'm still waiting for it to be renewed for a second season!
967547871498142000,2018-02-24 23:52:43,0,ti2est1992,2,"Long Beach, CA","[""SolomonKane2""]","RT @onkidsandfamily: American Miraculers, be ready for season 2 premiere on @netflix on March, 30th! ?? Official announcement by @zagtoon _?"
967547878452457000,2018-02-24 23:52:45,0,flgamer5242,412,"Florida, USA","[""StargateOrigins""]","RT @aurel5701: @netflix @hulu @SYFY on a rainy saturday I thought ""if only I could watch the show I want on a great channel"" but I remember?"
967547929887048000,2018-02-24 23:52:57,0,shackas,1572,Sydney,[],@LeonardRaymundo @coltsmith2714 @SavageTV1 @eveirecarolina @TommyKeavy @its_willyu @netflix Logan &amp; First Class wer?
967547934949761000,2018-02-24 23:52:58,1,fatbaldguyracin,48575,"Cincinnati, Ohio",[],RT @ILoveEvilEnigma: That would definitely do it. #BaronAndToluca is all I want. #BandT @netflix @hulu @SYFY @PrimeVideo
967547944701432000,2018-02-24 23:53:00,0,RobertoAttilio,148,"Miami Beach, Florida",[],@theacademyisnt @netflix @dylansprouse What made it so bad? I've never heard of it
967547965673009000,2018-02-24 23:53:05,0,Contrarah,1433,"Not Winterfell, too hot this time of year...",[],Por narcopol¡ticas y medio del espect culo entendemos eso que todos sabemos que existe pero ¨por qu‚ se est n tarda?
967547981581910000,2018-02-24 23:53:09,0,agriff1979,86,"Blacklick, Ohio",[],OMG it would be awesome/terrible if this was Baron and Toluca?s theme tune! Honey to the Bee by Billie Piper aka Ro?
967547990041797000,2018-02-24 23:53:11,0,oh_JodieBaby,772,"Tulsa, OK",[],@CryptoRenai @Bravotv Found it on Netflix (Thank you @netflix!! More like this please)
967547990066979000,2018-02-24 23:53:11,4,kriselless,94,"Vancouver, BC, Canada","[""NETFLIXforBandT"", ""BaronAndToluca""]",@StudioQTV @netflix @ReginaKing The prosecutor is unsympathetic so far. Do they make her more likable as the series goes on?
967548029765956000,2018-02-24 23:53:21,8,alain_limon1,44,"San Diego, CA",[],Celebrating Pets &amp; Animal Lovers on @Netflix #StreamTeam #me #reviews
967548030709850000,2018-02-24 23:53:21,89,MarianaEsc__,9,"Tlaxcala, M‚xico","[""ASOUE""]",It?s crazy that you have to pay monthly for @Netflix and @Hulu you would think they would be up to date and have ev?
967548033079632000,2018-02-24 23:53:21,0,StudioQTV,23701,StudioQTV@gmail.com,"[""OZARK""]",Viendo #LosPiratasDelCaribe @netflix ??
967548037072638000,2018-02-24 23:53:22,6,VeraSupport,1419,Minnesota ,"[""BatesMotel""]",RT @ILoveEvilEnigma: #YouDidntExpect having to beg @Netflix to pick up a show that fans have been campaigning for nearly 2 years. #BaronAnd?
967548066055295000,2018-02-24 23:53:29,6,noveleers,6343,"Muskegon, MI","[""scifi"", ""BaronAndToluca"", ""NETFLIXforBANDT""]",@netflix please tell me #onedayatatime will be renewed!
967548088071180000,2018-02-24 23:53:35,1,Loxley92,69,"Cotswolds, England",[],@its_sari @caseylynnnn @netflix The end is where I sobbed too!!!
967548090940035000,2018-02-24 23:53:35,0,BarbarellaFem,2941,Birmingham (Planet Earth),[],RT @KiwiTheBeauty: Omg @netflix you made night #HoneyIShrunkTheKids is my childhood!!!! ?? #80sbaby #NetflixandChill
967548099525624000,2018-02-24 23:53:37,0,Ryan_M_Unicomb,1020,Australia,[],#Roswell is my favorite show. @netflix dropped the ball when they let it go &amp; @hulu picked it up. Now they have a c?
967548126071607000,2018-02-24 23:53:44,414,azooz6600,3852,,"[""BellaCiao"", ""LaCasaDePapel""]",It's Saturday evening. Instead of hunkering down to binge watch #BaronAndToluca on #Netflix I am STILL Tweeting to?
967548137983234000,2018-02-24 23:53:46,0,Waffliesinyofac,108,Probably the Pantry,[],@Edges_N_Paris @agriff1979 @hausmuva @chancetherapper @netflix Okay girl
967548191968293000,2018-02-24 23:53:59,0,peacediva7,299,Maryland,[],RT @_AlienAdvocates: Did you watch it?! Pick it up please! @Netflix #BARONandTOLUCA #NetflixForBandT
967548235668771000,2018-02-24 23:54:10,0,11ElevenOneOne,153,ATX,[],Watch ...........@netflix when is the @moworldwide special ? Pay her and let's do this MAN!
967548265628652000,2018-02-24 23:54:17,0,JayBone,2751,"Echo Base, Hoth",[],@oh_JodieBaby @SavageTV1 @LeonardRaymundo @eveirecarolina @TommyKeavy @its_willyu @netflix The Guardians did exist?
967548270049415000,2018-02-24 23:54:18,1,JewelsT361,3,,[],Anyone know when #Annihilation will be released on @netflix in the US?
967548271978795000,2018-02-24 23:54:18,4,thebigloc,1417,Ireland,"[""NetflixSaveDracula""]",RT @_AlienAdvocates: It really needs some spicy #Candy! @Netflix #BARONandTOLUCA #NetflixForBandT
967548305361293000,2018-02-24 23:54:26,0,thotmaturgy,45,she/her,[],@netflix WHY ISNT SEASON 2 episode 2 on @CW_Riverdale not on netflix?? IM ADDICTED TO RIVERDALE AND I NEED TO SEE EPISODE 2
967548307684844000,2018-02-24 23:54:27,3,kriselless,94,"Vancouver, BC, Canada","[""Roswelleasteregg"", ""BARONandTOLUCA"", ""shareit"", ""NetflixForBandT""]",RT @aurel5701: @netflix @hulu @SYFY Take some bee &amp; some tea and you'll get #B+T aka #BARONandTOLUCA aka the perfect new show you need! Plu?
967548324093055000,2018-02-24 23:54:31,0,SmithRamparts,55,,[],@netflix Why
967548344343187000,2018-02-24 23:54:36,7,kriselless,94,"Vancouver, BC, Canada","[""NETFLIXforBandT"", ""Roswell""]",RT @kezzafiske61: @RealJesseMoss @ghostwarstv @netflix @vincentdonofrio @RealMeatLoaf @KimFCoates @kandysemcclure @kristinlehman1 @AvanJogi?
967548379323515000,2018-02-24 23:54:44,0,iamclarizzzz,25,"Oahu, Hawaii",[],RT @BandTfans: #NETFLIXforBandT #BaronAndToluca Please pick it up!! @Netflix @Hulu @SYFY
967548413502882000,2018-02-24 23:54:52,5,kriselless,94,"Vancouver, BC, Canada","[""scifi""]",RT @aurel5701: @netflix @hulu @SYFY I won't give up because I know you're gonna take a smart decision and broadcast #BARONandTOLUCA on your?
967548442011685000,2018-02-24 23:54:59,0,aerwn,82,,[],@LeonardRaymundo @coltsmith2714 @SavageTV1 @eveirecarolina @TommyKeavy @its_willyu @netflix All the Xmen movies car?
967548444943569000,2018-02-24 23:55:00,0,adibjehan,79,,[],"RT @BandTfans: Every time we read a headline like ""@Netflix's new supernatural series looks awesome"" our ?? skips a beat... thinking 24/7 a?"
967548447518806000,2018-02-24 23:55:00,0,ArielleKirstina,6260,"Connecticut, USA",[],"RT @aurel5701: @netflix @hulu @SYFY We don't need a #Roswell reboot! All we need &amp; want is #BARONandTOLUCA , a brand new thow with @Majandr?"
967548457543193000,2018-02-24 23:55:03,5,ILoveEvilEnigma,4589,"Edgewater, FL","[""BaronAndToluca""]",Y?all get ready to check out the kid ! @marlonwayans New special Feb27 @netflix This dude?
967548461766849000,2018-02-24 23:55:04,91,Ins4n3_G4M3R,438,"Minnesota, USA",[],RT @BandTfans: .@Netflix #BandT will be amazing counter-programming for a certain CW reboot! #NETFLIXforBandT #BaronAndToluca
967548480574120000,2018-02-24 23:55:08,0,oh_JodieBaby,772,"Tulsa, OK",[],Okay .@netflix here?s the deal: there?s this new amazing show that I need u check out
967548487838716000,2018-02-24 23:55:10,0,Edges_N_Paris,750,"Paris, France","[""FactsMatter""]",@connectwithAB @its_willyu @netflix I get that it's not fair. But thats the world we live in. Chadwick Boseman work?
967548497733005000,2018-02-24 23:55:12,2,Ins4n3_G4M3R,438,"Minnesota, USA",[],I really wish @netflix would pick up and reboot Pushing Daisies.
967548524404515000,2018-02-24 23:55:19,5,kriselless,94,"Vancouver, BC, Canada","[""RoswellMagic"", ""BARONandTOLUCA""]",RT @nightshiftDE: .@NETFLIX we want #BandT with the OG'S @unrealfehr and @MajandraD #NETFLIXforBandT #BaronAndToluca
967548527286112000,2018-02-24 23:55:19,0,Contrarah,1433,"Not Winterfell, too hot this time of year...",[],RT @DonnaMarieHame1: Huh? @netflix @SensateFan @sense8 Let?s fall in love with season three? I?m always going to be a Sense8 advocate ???
967548538652713000,2018-02-24 23:55:22,0,coltsmith2714,98,,[],@netflix I'm watching #Mute &amp; I know it was directed by #DuncanJones but I died when I saw the #Moon reference #died
967548568922968000,2018-02-24 23:55:29,0,prettyflower215,169,"San Antonio, TX","[""checkitout"", ""netflixandchill""]",All of these fandoms are more than happy to welcome #BaronAndToluca into the mix. Which channel will grab up new or?
967548577877823000,2018-02-24 23:55:31,0,Kristy3Minor3,12,"Prattville, AL",[],@SamanthaBusch @netflix Stranger Things is an awesome show!!!!!
967548578142085000,2018-02-24 23:55:31,0,CarrieKeagan,379053,Los Angeles,[],RT @aurel5701: @netflix i need some bea &amp; tea (B+T) in my life! Will you help giving my #BARONandTOLUCA #Netflixforbandt
967548640821735000,2018-02-24 23:55:46,6,Loxley92,69,"Cotswolds, England","[""BARONandTOLUCA""]",Let me get back to #SevenSeconds episode 8!! @netflix is alright with me!!
967548643447370000,2018-02-24 23:55:47,0,kayla_gabrielle,1309,ATL/Houston,[],"@shackas @netflix ""pretty ordinary"" and ""flabbergasting dud"" are two completely different descriptions. You're dell?"
967548647402385000,2018-02-24 23:55:48,3,Hollistic3346,100,Wherever the stream of creation takes me,[],"TOLUCA is amazing.She needs a best friend..Liz, Hm..What rhymes?Liz..We need @MajandraD's creativity. @netflix let'?"
967548753967108000,2018-02-24 23:56:13,0,kierachristine_,422,northern california,[],RT @RachLWhitehurst: the best birthday present i could receive is @netflix adding all the mary-kate and ashley movies
967548809034203000,2018-02-24 23:56:26,0,pandnoras_box,50,"Memphis, TN",[],"@HarryGamut @netflix Well, yes, I didn?t get killed. That was wonderful in my books."
967548831222157000,2018-02-24 23:56:32,0,macrobloq,460,United Kingdom,[],First Team: Juventus is a great documentary on the team and the sport! @netflix Would love to see a @ManUtd one next season!! ????
967548845457658000,2018-02-24 23:56:35,0,SmithRamparts,55,,[],RT @gabriela7816: Hey @netflix @NetflixES #SaveDirkGently
967548867498582000,2018-02-24 23:56:40,0,GregLovesYou,543,,[],RT @nightshiftDE: .@Netflix #BandT will be amazing counter-programming for a certain CW reboot! #NETFLIXforBandT #BaronAndToluca
967548883541803000,2018-02-24 23:56:44,5212,Quetxalcoatl1,969,,"[""FIsForFamily""]",Ready for new episodes of #everythingsucks @netflix
967548892341400000,2018-02-24 23:56:46,2,ScarletGGlobal,687,,"[""Eldesconocido""]","Just finished my 4th episode of @OneDayAtATime on @netflix today. This show is so sweet, funny, touching, and just overall delightful!!"
967548907327812000,2018-02-24 23:56:50,0,adina122501,48,,[],RT @LeonardRaymundo: @coltsmith2714 @SavageTV1 @oh_JodieBaby @eveirecarolina @TommyKeavy @its_willyu @netflix Again-you all care so much ab?
967548916735586000,2018-02-24 23:56:52,0,oh_JodieBaby,772,"Tulsa, OK",[],@russellhornsby sir you are stellar in #7Seconds on @netflix!
967548998700753000,2018-02-24 23:57:12,0,Edges_N_Paris,750,"Paris, France",[],"RT @kishanicee: Dear @Netflix, can you add all seasons of Rugrats, Rock Power, All That, Sister Sister, Fresh Prince, Even Stevens, Kim Pos?"
967549005327622000,2018-02-24 23:57:13,0,shackas,1572,Sydney,[],"i'm sad to see that @Disjointed is being cancelled by @netflix. it's silly, amusing and at times sophomoric. but so?"
967549136865251000,2018-02-24 23:57:45,0,John_Ondo,919,"Columbus, Ohio",[],Whatever it takes! @Netflix #NetflixforBandT Hmm.. we will help to promote it.
967549149783773000,2018-02-24 23:57:48,2,h_mockobee,682,southern indiana,[],"RT @netflix: All trust issues with people named ""Sarah"" can be traced back to this moment in ""The Land Before Time"""
967549156267983000,2018-02-24 23:57:49,6,kriselless,94,"Vancouver, BC, Canada",[],@RyanDosier @netflix Now go watch Cougar Town on Hulu
967549167110382000,2018-02-24 23:57:52,44,lillysinmyhair,22,A galaxy far far away,"[""QueerEye"", ""foodandwine""]",@Bernardo_Fabio @MarioMandzukic9 @netflix @juventusfc #firstteam
967549184449696000,2018-02-24 23:57:56,0,brienichole_,55,"Manchester, TN",[],we love lukas @heretv @HereMediaInc @AmazonVideo @netflix @hulu @Showtime @showcasedotca
967549198269932000,2018-02-24 23:57:59,0,WhatCharli,302,El Bronx,[],RT @netflix: .@Logic301 @Rapsody @2chainz @tip @artisthbtl @daveeast @justblaze @G_Eazy @nas and @Netflix Their Words. Their Way. Rapture?
967549255576703000,2018-02-24 23:58:13,1,woodlyandwigs,669,,[],@C9shroud @netflix It really is a work of beauty ????
967549282109788000,2018-02-24 23:58:19,0,katehjones,6,,[],I?m watching The dismissed on @netflix and I saw @dylansprouse
967549300854190000,2018-02-24 23:58:24,0,oh_JodieBaby,772,"Tulsa, OK",[],@WMassLiberty @netflix Good pick.
967549316142264000,2018-02-24 23:58:27,5,kriselless,94,"Vancouver, BC, Canada",[],"RT @ScarletGInt: Mis amores, ya vieron #Eldesconocido por @netflix No se pierdan la vida de Karla en esta historia ?? IG: @ScarletGruber htt?"
967549329325089000,2018-02-24 23:58:30,3,ChelleBen21,53,Ireland,"[""SexyIn5Words"", ""JakeBaron"", ""TolucaMendez"", ""NETFLIXforBandT"", ""HULUforBandT"", ""SYFYforBandT""]","As much as I wish @netflix was smart enough to snatch up #BaronAndToluca, maybe @hulu, @PrimeVideo or @SYFY will be?"
967549344575607000,2018-02-24 23:58:34,0,AndyMBurr,105,,[],#IrreplaceableYou on @netflix ???? I loved it
967549350741148000,2018-02-24 23:58:36,0,coltsmith2714,98,,[],@coltsmith2714 @SavageTV1 @LeonardRaymundo @eveirecarolina @TommyKeavy @its_willyu @netflix Not true. The lineup wa?
967549354667102000,2018-02-24 23:58:37,9,guerinsss,102,Argentina,"[""BARONandTOLUCA"", ""Dans""]",@Fastrunnas @yep_its_Jdeucey @agriff1979 @hausmuva @chancetherapper @cthagod @netflix Some of us can kill two birds?
967549372874613000,2018-02-24 23:58:41,0,soosgunner4,757,"Austin, TX",[],@RobSchneider @sternshow @adamcarolla @netflix How do you like my profile
967549383288877000,2018-02-24 23:58:43,3,kriselless,94,"Vancouver, BC, Canada","[""NetflixforBandT""]",@nevinmartell @EverythingSuxTV @netflix We just watched 3 eps last night.
967549391656583000,2018-02-24 23:58:45,0,JaRulzzz,1147,"Fairfield, CT",[],@davidchang and @netflix Thanks a lot! I needed to get shit done today and instead binge watched this amazing show!! ????
967549400938701000,2018-02-24 23:58:48,3,MatiasRicarte,117,[REDACTED],[],"RT @Hollistic3346: Waking up and remembering that #DirkGently is canceled. Please #SaveDirkGently, @netflix, I can?t go on without another?"
967549403794936000,2018-02-24 23:58:48,346,SagittarianMind,28072,The Galactic Center,"[""MahershalaAli"" ]","Just starting to watch @7SecondsNetflix on @netflix - anyone seen it? @imgersonr it's in Spanish, you'd love it!"
967549423965364000,2018-02-24 23:58:53,167,JyWheels,2179,"Columbus, OH ??Atlanta, GA","[""BRINGBACKBURNNOTICE""]",RT @VanityFair: What's new on @Netflix in March
967549433784226000,2018-02-24 23:58:55,0,Edges_N_Paris,750,"Paris, France",[],@Ryan_M_Unicomb @netflix I don?t know dude. Did you watch this film? It?s pretty ordinary.
967549458908140000,2018-02-24 23:59:01,195,trey_burchfield,293,"Franklin, TN",[],RT @roswellback: .@netflix : #ThoughtsWhenScrollingNetflix: WHY ISN'T B+T ON HERE YET?!?! RT IF YOU AGREE AND TAG MORE FRIENDS! #NETFLIXfor?
967549492840030000,2018-02-24 23:59:09,0,marci1165,2115,"Valley Stream, NY","[""Screenwriter""]",RT @roswellback: .@netflix 5 minutes is not enough! #NETFLIXforBandT (photo by @crashdowncom ??) #BANDT
967549495478247000,2018-02-24 23:59:10,0,RogueBloggur,211,"Mumbai, India",[],"RT @Winnie21: .@Netflix Sit back, have some tea and please give us #BandT!! #NetflixForBandT"
967549506916159000,2018-02-24 23:59:13,8,CarrieCnh12,1241,Toronto,"[""SaturdayNightSciFi"", ""ThePrestige""]",@wretchedophelia @netflix skbsjskahsjhsjs i know terrible boy
967549514952335000,2018-02-24 23:59:15,5732,chotttiiieee,206,,[],@GavinFree I found your pesticide flamethrower!! Check at around 30 minutes of @Stranger_Things on @netflix Its on season 2 episode 9
967549531784139000,2018-02-24 23:59:19,0,ma_jose_marques,219,Hyrule Field,[],RT @Loxley92: We are asking .@netflix .@hulu .@SYFY to please commission Baron and Toluca! #NETFLIXforBandT #Roswell
967549540227219000,2018-02-24 23:59:21,6,_Andrea_Ricca,2623,,[],RT @crashdowncom: Hey @Netflix! We would love to meet #BaronAndToluca soon... as well as Miles Sorrenti. There are mysteries that need to b?
967549543809212000,2018-02-24 23:59:22,4625,Nessandcompany,506,,[],Arranc¢ 2da #temporada de #Marseille en @netflix #Imperdible
967549548074856000,2018-02-24 23:59:23,0,macrobloq,460,United Kingdom,[],La palabra vicio se queda corta para la serie de #Los100 @netflix nudfff
967549617146597000,2018-02-24 23:59:39,5,SaraWalker92,2522,Waiting for Japril,"[""Roswell""]",Aye! This movie with @ReginaKing on @netflix called #SevenSeconds ????????????
967549623324856000,2018-02-24 23:59:41,0,ha_banero,410,New Jersey to New York,[],"@maadgab Since my petitioning of @netflix has proven unsuccessful, I may need to also take this route. ??"
967549623442264000,2018-02-24 23:59:41,0,starboy6ix,1550,"S?o Paulo, Brasil",[],@AtBunchLunch @CXGFans @rebeccabbrenner @CW_CrazyXGF @netflix @crazyexpod @CrazyXBFs @Girliekick @CEGNuancedPod?
967549651548295000,2018-02-24 23:59:47,18,Nikkitasevoli,691,Honduras,[],"RT @nastya_luben: From @HarryGamut 1. Materialising things, using mind power. 2. I'd turn into valuable @netflix worker who would say: ""#S?"
967549687501861000,2018-02-24 23:59:56,6020,chuumies,30,girl groups ? w1,[],LOS ODIO @NETFLIX @ESCRITORESYPRODUCTORESDEGILMOREGIRLS COMO LA SERIE VA A TERMINAR AS? AH
967549692803367000,2018-02-24 23:59:57,22,ReelSalman,525,"Los Angeles, CA","[""FlintTown""]",@oh_JodieBaby @coltsmith2714 @SavageTV1 @eveirecarolina @TommyKeavy @its_willyu @netflix I don?t think X-men have b?
967904749239534000,2018-02-25 23:30:49,0,ann_walker,364,,"[""Mute""]","RT @kishanicee: Dear @Netflix, can you add all seasons of Rugrats, Rock Power, All That, Sister Sister, Fresh Prince, Even Stevens, Kim Pos?"
967904816373649000,2018-02-25 23:31:05,28,luchavesxwp,289,,"[""XenaRevival"", ""XXisforXENA""]",Could not be more obsessed with @netflix new series @EverythingSuxTV !! It truly does not suck and is already one o?
967904822165955000,2018-02-25 23:31:07,6,kepnrstan,1392,"Jacare¡, Brasil",[],@SCJoson @expatina @PaintsNature @netflix Loved Episodes.
967904863643292000,2018-02-25 23:31:16,0,APARLIMAN44,26,,"[""creep"", ""creep2"", ""superiorsequel"", ""makemore""]","RT @shadowandact: REVIEW: @Netflix's #SevenSeconds is an acting master class for @ReginaKing and @RussellHornsby, alongside breakout newcom?"
967904864792666000,2018-02-25 23:31:17,0,bloomdreams_,30,"Natal, Brasil",[],@trayNTP @letterboxd @netflix @amazon @iTunes It works for iTunes (there will be a button to iTunes on the film pag?
967904915937952000,2018-02-25 23:31:29,0,mortalsdemise13,38,,[],RT @PeaceLoveHerbs: I been sayin this. Come on @Netflix
967904940499796000,2018-02-25 23:31:35,0,zarazorrilla1,24,Internet,[],"@ScorseseFanboy @ManMadeMoon @netflix Yes!! Great film, shocking it?s getting thrown in with the likes of BRIGHT an?"
967904966684836000,2018-02-25 23:31:41,5,jedeamjo,316,United States,"[""BandT"", ""NETFLIXforBandT"", ""HULUforBandT""]",RT @JamesBryin: I watched #WhenWeFirstMet on @netflix &amp; loved it so much. A week earlier &amp; I would have drafted it high on @thedraftpod?s #?
967905020136968000,2018-02-25 23:31:54,1,purviparwani,11649,"Loma Linda, CA",[],RT @peyton_kennedy: #EverythingSucks! is part of this @BuzzFeed quiz: Find Out What Your Sense Of Humour Is Based On Your Taste In @netflix?
967905068623147000,2018-02-25 23:32:05,0,WaymanMr,246,"Sacramento, CA","[""TheResistance"", ""Resistance""]",I think it's awesome @netflix brought back the soup!!! Well kinda. I grew up watching @joelmchale &amp; that show back?
967905069134959000,2018-02-25 23:32:05,15,shailenkp,19,,"[""Kafka""]",@KingBach @IAmDanniV @netflix I don't get what you saying @KingBach
967905118992478000,2018-02-25 23:32:17,0,philliprhancock,114,"Los Angeles, CA","[""MoviePerDayChallenge""]",@WeaponXKP21 @netflix @Crunchyroll Kdrama on @dramafever.
967905227243434000,2018-02-25 23:32:43,0,janessacimfl,112,Vancouver/Olympia,[],RT @TiffanyHaddish: @AphroditeYoung @netflix @amyschumer @moworldwide I already got a deal and I signed it way before she said a thing and?
967905242967888000,2018-02-25 23:32:47,0,sadistsalvator3,62,quoting damon salvatore,"[""TEOTFW""]",@cannedsweettea @RyBitz @netflix Tasty videos are more complex.
967905359628182000,2018-02-25 23:33:15,0,erinnowenby,313,"California, USA",[],RT @johnrouzaut2: Hey @netflix give us back Friday night lights you monsters
967905415903113000,2018-02-25 23:33:28,5,masiemonroe,169,California,[],Me after watching irreplaceable you @netflix
967905446043488000,2018-02-25 23:33:35,0,chelspugs,208,New Jersey,[],"@netflix @RiderStrong Saw you in everything sucks, must have felt good seeing that poster being torn down. #EverythingSucks"
967905482169078000,2018-02-25 23:33:44,0,andrewbduncan,654,"Cincinnati, OH",[],@SarpYilmazMX @netflixturkiye @03Medya @netflix Claro que ser  el indicado usted a decidido personificar a un actor?
967905536208499000,2018-02-25 23:33:57,7,SVURizzoli,820,"Indiana, USA","[""XenaRevival""]",RT @its_willyu: STOP. WRITING. AROUND. US. @netflix
967905551093965000,2018-02-25 23:34:00,2,DIMRukyo,180,Denver Co,[],RT @Javipaz_bm: Solo RT No FAV chic@s #Westandbyyou€agatayUlusoyNetflixYavuz @cagatayulusoyy @netflixturkiye @O3Medya @netflix
967905572510056000,2018-02-25 23:34:05,15,janinapanova,36834,"New York, NY","[""Humanity"", ""DeadlySirius""]",tbh @archerfxx is one of the only things that makes me laugh anymore please don?t remove it @netflix
967905615690465000,2018-02-25 23:34:16,0,karljordinson,660,"Newcastle Upon Tyne, England",[],Watching #Radius @netflix
967905636016157000,2018-02-25 23:34:21,10,jaggies2814,208,,"[""BandT""]",I know I?m late to the party but American Vandal is absolutely stunning ???? thank you @netflix.
967905648376713000,2018-02-25 23:34:24,11,srp_fma,191,En Todos Lados,"[""cagatayulusoyy"", ""€a?atayUlusoy"", ""Westandbyyou€agatayUlusoyNetflixYavuz""]",.@netflix what?cha waitin? for?? #NETFLIXforBandT
967905675446706000,2018-02-25 23:34:30,0,tysantowney,1069,Sydney,[],@stevebeste @expatina @PaintsNature @netflix Same. I'm watching Episodes right now. Creators of a successful Brit?
967905682610708000,2018-02-25 23:34:32,8,SVURizzoli,820,"Indiana, USA","[""XenaRevival"", ""XenitesUnite""]",@peyton_kennedy @BuzzFeed @netflix I've got Weird!!! #sotrue
967905720854344000,2018-02-25 23:34:41,0,falenkdwb,71126,Minneapolis,[],@ItsMsNicoleRyan @netflix I love this gif ??
967905779075428000,2018-02-25 23:34:55,4,sydneypedersenn,110,"Texas, USA",[],Everything Sucks @Netflix is the 2nd season of Freaks &amp; Geeks we?ve been waiting 20 years for. #iheartthe90s
967905783332721000,2018-02-25 23:34:56,0,Elisabeth_Rae_,435,Probably hiding,[],@netflix plz put big time rush or icarly on netflixxxx
967905784431632000,2018-02-25 23:34:56,0,vinisantiagop,151,"Teresina, Brasil",[],RT @SkylarAstin: Living for this reboot rn tbh?? #canubelieve!? @QueerEye @netflix #repost @therealannacamp ??
967905791935214000,2018-02-25 23:34:58,0,falenkdwb,71126,Minneapolis,[],@moworldwide @TiffanyHaddish @AphroditeYoung @netflix @amyschumer Your reply was everything.
967905830560522000,2018-02-25 23:35:07,0,waliyahhhalaine,1550,828 ?? 336,[],RT @moworldwide: @TiffanyHaddish @AphroditeYoung @netflix @amyschumer You've done nothing wrong my sister. You KEEP SHINING! I am proud of?
967905833433682000,2018-02-25 23:35:08,0,AnthonyShannon2,299,"Roscommon, Ireland",[],Trying to complete my Paperwork and watch #SevenSeconds on @Netflix at the same time was a bad idea. I?m an emotional wreck ?? #sogood
967905876639023000,2018-02-25 23:35:18,0,Raaachael_,194,,[],"A movie with Alexander Skarsgard , Paul Rudd and Justin Theroux!!? Thank you @netflix"
967905878790885000,2018-02-25 23:35:18,0,FUTMacaroon,13,"Scotland, United Kingdom",[],"@davidchang and @netflix ?s Ugly Delicious is brilliant (funny and touching, especially the episode on home cooking?"
967905884625043000,2018-02-25 23:35:20,0,nbarillas28,395,"Miami Lakes, FL","[""NowStillWatching""]",RT @MARBEAR333: It didn?t get advertised! #RenewGypsy @hulu @Netflixhelps @netflix @amazon @lnr516 @hbo @showtime @Working_Title
967905987716936000,2018-02-25 23:35:44,0,NarcoticMedley,36,Minneapolis MN,[],Binged on Re:Mind on @netflix yesterday. Looking forward to my lunch break to finish off the season #sogood #japanesethrillers
967905991856706000,2018-02-25 23:35:45,0,tmiller0703,7,,"[""boycottnetflix""]",@PeaceLoveHerbs @netflix Exactly
967906011205067000,2018-02-25 23:35:50,24,wolfangelb4u,182,"Tennessee, USA","[""SevenSeconds""]",@webgirlmorgan @netflix Everything Sucks!!!
967906023469183000,2018-02-25 23:35:53,0,kristi2homas,185,"Michigan, USA",[],When we first met is definitely one of my favorite Netflix movies now?? @netflix
967906037327127000,2018-02-25 23:35:56,0,dianakelly,3609,"New York, NY","[""Sleep""]",@netflix can you please put M*A*S*H on your service.
967906067526144000,2018-02-25 23:36:03,1,alyssa_caitlynn,1128,b springs,[],I don?t know what else to say about @netflix Mute other than ?...?
967906072861315000,2018-02-25 23:36:05,0,dr2red,165,"Ontario, Canada",[],@expatina @SCJoson @PaintsNature @netflix Hated S 1 E 1 of Pesky Blinders. Maybe I should give it another chance.
967906124212163000,2018-02-25 23:36:17,0,KyleighWegener,690,Michigan,[],@IAmDanniV @netflix ??
967906159280710000,2018-02-25 23:36:25,0,Netflixhelps,195069,,[],@BrettSpeck @netflix Zootopia is a critically acclaimed movie that deserves better than this kind of treatment
967906163294601000,2018-02-25 23:36:26,0,BekaOurs,56,United States,"[""royalhearts""]","RT @frankenprice: @katbrad @netflix we're ready to change some lives, but refuse to say if it's for better or worse"
967906200137490000,2018-02-25 23:36:35,0,coreyteich,183,NYC,[],I watched #WhenWeFirstMet on @netflix &amp; loved it so much. A week earlier &amp; I would have drafted it high on?
967906212330267000,2018-02-25 23:36:38,0,uncherishd,5778,QRO,[],"RT @Superman1078: OK , got my ps4 wwe network dialed in , controller charging. Now I'm gonna watch 2 hrs worth of @netflix while I wait fo?"
967906253568606000,2018-02-25 23:36:48,0,MaggieButera,168,usa,[],"A child growing up with @netflix asks, ?What are these big boxes?? #DVDs"
967906321797394000,2018-02-25 23:37:04,5354,MishasLilJester,1814,Arkham Asylum,[],RT @drunk_high_lust: @netflix bring back GYPSY. Bring back SYDNEY
967906322674082000,2018-02-25 23:37:04,0,str8edge101,126,The Great White North,"[""FullMetalAlchemist""]",RT @BrettSpeck: Good afternoon to everyone except the employees that are having zootopia taken off of Netflix @netflix
967906380115071000,2018-02-25 23:37:18,0,prettyperseids,12,Night Vale,[],I Got A Message Saying My Plan Was Updated Per My Request &amp; I Never Even Updated It ? Now My Netflix Is $10.99 A Month ! WTF @netflix
967906394568561000,2018-02-25 23:37:21,0,skarsgaholic,331,Being responsible & shee-it,[],She do seem to be all about this case instead of her son #thekilling @netflix
967906398578373000,2018-02-25 23:37:22,0,AlienBeeNews,9742,Brian Shirley,"[""AlteredCarbon"", ""nowwatching"", ""telfie""]","@katbrad @netflix we're ready to change some lives, but refuse to say if it's for better or worse"
967906426373976000,2018-02-25 23:37:29,0,emmanorth16,241,,[],@idanyasioux @netflix I'll check it out :) thanks
967906484972536000,2018-02-25 23:37:43,0,Potatoking421,44,,[],@arielmortman @GreenhouseAc @netflix Yup
967906508263617000,2018-02-25 23:37:49,0,MaryElizabethK9,66,West Virginia,[],Saw two terrific films #directedbyWomen this past week? highly recommended &amp; both are on @Netflix! #ViceroysHouse?
967906510868238000,2018-02-25 23:37:49,1177,sassexnach,2666,"??????????, s???? ??s???s????",[],Alright @netflix you finally found a way for me to hate @djpaulrudd Mute was phenomenal
967906590694113000,2018-02-25 23:38:08,1,mustgetlonely,1170,,[],RT @haley13white: I need @netflix to put the rest of season 5 of the fosters up!!!
967906591717708000,2018-02-25 23:38:08,5,jasminecannot,609,den10 TX | ?? | ???? | she/her,[],RT @joelmchale: #PizzaGhost #TheJoelMcHaleShowWithJoelMcHale @netflix streaming now!
967906630116561000,2018-02-25 23:38:18,39,angry_nb_alien,22,"Elyria, OH","[""Dismissed""]",@Corey_Champagne @netflix That would be great is there a seconds series being commissioned? I so hope so!
967906659891728000,2018-02-25 23:38:25,1,mrlawsonpants,931,"Los Angeles, CA",[],"@PFBoone @KyleCoxPFB Why wont @netflix secure the rights to ""Terrace House: Boys ? Girls Next Door"" and release it in the US?"
967906662026793000,2018-02-25 23:38:25,0,doppleware,87,Israel,[],@PsychoPanda0524 @netflix It's on Hulu! If you're a student you get Spotify and free Hulu for 4.99!!
967906672382501000,2018-02-25 23:38:28,167,MedusaMansaMusa,250,"Kentucky, USA","[""BRINGBACKBURNNOTICE""]",RT @nickwax: @MacKenziePMusic Just sitting here waiting for @netflix network #RenewTravelers
967906700450820000,2018-02-25 23:38:34,0,RecklessRani,1134,New York City ?,"[""WhenWeFirstMet""]",Hey @netflix can you add Workaholics to tv shows? Thanks ????
967906715218928000,2018-02-25 23:38:38,0,ORly_Fred,54,"Cocoa, Florida",[],#HowAboutAsians? @netflix @CW_Riverdale @RiverdaleWriter @TheCW @kj_apa @CamilaMendes @lilireinhart @colesprouse?
967906767291240000,2018-02-25 23:38:50,0,iamManic,571,Fifth dimension ,[],@IroczBeats @netflix No it's was a horror comedy it's was like the movie the omen but funny
967906776258671000,2018-02-25 23:38:52,0,OhMyMithrandir,2054,"Austin, TX",[],New Favorite Conspiracy Theory: @netflix inflates the rating of their content. Then only after watching does aforem?
967906831153574000,2018-02-25 23:39:06,377,keslieofthesea,11954,"Arizona, USA",[],"Saw @mute, it was Amazing. Thx @netflix"
967906841006047000,2018-02-25 23:39:08,0,KnowMadness1991,17,"Georgia, USA","[""EverythingSucks""]","RT @netflix: When Letitia Wright gets behind the wheel, you know something badass is about to happen."
967906847595274000,2018-02-25 23:39:09,1,sydneyybeee,719,studio city tattoo,[],"Just figured out Ghostbusters 1 and 2 are coming to @netflix March 1st, SCORE!"
967906876661883000,2018-02-25 23:39:16,14003,Awesomender_42,77,Puerto Rico,[],I just finished S2 of @DirkGentlyBBCA and I want to believe that everything is connected and we will watch more of?
967906919557075000,2018-02-25 23:39:27,1,Libbybyerley1,54,,[],RT @ulusoy_ar: #Westandbyyou€a?atayUlusoyNetflixYavuz @cagatayulusoyy @netflix @netflixturkiye @03Medya
967906936598516000,2018-02-25 23:39:31,16,BeMyOnlyReason,470,Argentina,"[""SevenSeconds""]","@karljordinson @netflix Hey Karl, thank you! I?m love to sign something I?m not sure how to get it done, let me talk with my team."
967906938800558000,2018-02-25 23:39:31,5732,Torres3____,1752,Gotham,[],@moworldwide?s I Coulda Been Your Cellmate is on @netflix now.
967906961001013000,2018-02-25 23:39:37,89,illMac54,301,"Jersey City, NJ",[],Watching @Netflix @ThePeakyBlinder eating a #grilledchicken #caesarsalad ?? + ???
967906967107789000,2018-02-25 23:39:38,0,TJ_Heath,136,,"[""awesome""]",RT @arielmortman: Is the binge still happening? @GreenhouseAc @netflix #HayleyWoods #ravensrule
967907017955328000,2018-02-25 23:39:50,0,itsmehaiden,67,"California, USA",[],@SevenSecondsTV @netflix This is SO good. About time Netflix !
967907054672339000,2018-02-25 23:39:59,5,mohearts2run,50,Chicagoland,[],"YEs, please make it happen @netflix. This show is amazing!"
967907084863001000,2018-02-25 23:40:06,0,trayNTP,850,"Cary, N.C.","[""AppleTV""]",@davidchang @uglydelicious @netflix This is a beautiful series! Nice to see @azizansari
967907139451871000,2018-02-25 23:40:19,0,waytoostupid,98,,[],RT @pymkmovie: #ICYMI ?People You May Know? will be available on @netflix next week! Stay tuned for the link to add to your watchlist! #Pe?
967907144875020000,2018-02-25 23:40:20,0,iannfromohio,1418,"Cincinnati, OH",[],"The photo below is a snippet taken from the plot described on the official B+T website, Vi?"
967907195257057000,2018-02-25 23:40:32,0,americanrep,19658,"Harvard Square, Cambridge, MA",[],"RT @BoobsRadley: HEY @NETFLIX PLEASE MAKE MORE QUEER EYE, THE PRESENT AMOUNT IS NOT ENOUGH QUEER EYE"
967907251288728000,2018-02-25 23:40:46,15,polishuk52,66,,"[""Westandbyyou€agatayUlusoyNetflixYavuz""]",RT @BradPaquin1: I'm not bothered by the fact that my wife is binge watching #50WaysToKillYourLover on @netflix .. it's the three pages of?
967907251523604000,2018-02-25 23:40:46,0,pavmnt,264,2:33 11/4/15,[],HELLO @NETFLIX JUST DROPPING IN 2 SAY THAT ONE SAY AT A TIME BETTER BE RENEWED FOR 10 MORE SEASONS OKAY? okay thx ??
967907287342907000,2018-02-25 23:40:54,0,WeaponXKP21,2138,"Earth-616, PA",[],@masiemonroe @honey_crazygirl @SoDaCookSon @AlexLesha3 @HJH_Alex @MARBEAR333 @treesarelife2 @easy_tigers @s13965019?
967907297027600000,2018-02-25 23:40:57,0,jvilcapoma,28,En el mejor momento ... ahora,[],"hey @netflix if you?re wondering, @frankenprice and i are almost too available for lesbian queer eye"
967907364065153000,2018-02-25 23:41:13,2,GeorgieMc112454,20,United States,"[""SaveTheFosters""]",why you ain't promoting 7 seconds like you do your other shows?¨ this show is gold. @netflix
967907366535680000,2018-02-25 23:41:13,0,cbrennan04,10,"Springfield, VA",[],@netflix well it?s about time. You finally have a really good series. @SevenSecondsTV again!
967907547280798000,2018-02-25 23:41:56,0,stephlpham,944,between reality & dreams,[],Our account has been hacked for 2 wks and @netflix won?t do anything to fix it. Someone in Puerto Rico enjoys our account. Outrageous!
967907590188552000,2018-02-25 23:42:07,0,AndreBaruch,399,Brasil Belo Horizonte,"[""RastrosdeumSequestro""]",Lets make sure we support @ReginaKing in #7Seconds on @netflix #BlackPanther
967907592977699000,2018-02-25 23:42:07,1050,Kelcey_Lately,885,"New York, NY",[],Currently searching for a support group from watching the movie Irreplaceable You on @Netflix
967907664553325000,2018-02-25 23:42:24,0,Maj_G,399,"Grand Canyon, AZ",[],@netflix you guys should do a @realmadriden series just like you guys did for @juventusfcen ????
967907745730089000,2018-02-25 23:42:44,0,Marcandcookies,192,"Rehoboth Beach, DE","[""trailerparkboys"", ""maron""]",RT @LaniBandz: Bring back bobs burgers or ima kill myself @netflix
967907750570349000,2018-02-25 23:42:45,0,macauley_hayes,70,England,[],@RLD_MSEd @ScandalABC @netflix I'm looking forward to the new show @byshondaland...@Station19 with a Latina protagonist. #shondaland
967907759298621000,2018-02-25 23:42:47,0,Kas_Bradley,107,"The Colony, TX",[],@netflix please do not remove @DisneyZootopia from Netflix on 3/20 I beg of you!!!! The message that movie sends is?
967907778634355000,2018-02-25 23:42:51,0,Stef_Busch,273,,[],"GODLESS on Netflix is really good, a must watch. Good writing, good acting, not hopeless or utterly depressing li?"
967907790802047000,2018-02-25 23:42:54,0,_mareenalynn,206,"Big Rapids, MI",[],we love lukas @heretv @HereMediaInc @AmazonVideo @netflix @hulu @Showtime @showcasedotca #WeWantEyewitnessSeason2
967907797265474000,2018-02-25 23:42:56,0,Pumpkin_Marie,10,,"[""PRETTYLITTLELIARS"", ""WeekendVibes""]",@netflix BRING ONE TREE HILL BACK ! ??
967907829494571000,2018-02-25 23:43:04,0,mckenzguevarez,121,,[],Me AFTER I saw @Netflix's #ReBoot trailer. Brand new #reaction coming tomorrow on @YouTube. @NelvanaEnt
967907896011915000,2018-02-25 23:43:19,0,drgoddess,26879,"Pittsburgh, PA",[],"RT @danabacon: Sending this your way, @netflix - give this great show the third season it deserves! #SaveDirkGently #HolisticRaffle"
967907999040799000,2018-02-25 23:43:44,0,Sssimone8147,114,"Hannover, Germany",[],@ItsAkaTTV @Damien_C76 @its_willyu @MatthewACherry @netflix Kinda racist that you would have a problem with Mexican?
967908021820117000,2018-02-25 23:43:49,0,PeaceLoveHerbs,110066,DM FOR ADS,[],"I know its history, but I feel @netflix sensationalizes the Nazi Party. Let's stop giving this old regimen life in?"
967908023229387000,2018-02-25 23:43:50,24,folklore_ltd,20,"Nairobi, Kenya","[""TheOutsider""]","Just noticed that @netflix changed the wording of 'Queue' to 'List', guess people are too dumbed down to know that they're the same thing."
967908057316516000,2018-02-25 23:43:58,0,nickissacutie,340,married to @carlthangs,[],I want to thank @netflix for still having Phineas and Ferb on Netflix ????
967908099049718000,2018-02-25 23:44:08,0,Juliet_NotToday,68,,[],RT @mrlawsonpants: #Versailles season 2 now on @netflix!
967908110449938000,2018-02-25 23:44:11,0,NotNowImReading,991,"Miami, Florida",[],@falenkdwb @BMileskiKFAN @netflix I?m sure you know people...
967908186056479000,2018-02-25 23:44:29,0,TijanieGarcia,586,"Youngstown, OH",[],@Corey_Champagne @netflix @IsaEspada__
967908210895180000,2018-02-25 23:44:34,0,andrew_mattice,46,"Minneapolis, MN",[],"Hey @netflix! Please please please please please give me 1,000 more seasons of @OneDayAtATime! Just finished season?"
967908218293883000,2018-02-25 23:44:36,5,RealitySweets,88,,"[""Versailles""]",@netflix why did you take down White Chicks?!?!?!??!?!?!!?!??!! I'm going to have a BF??????????... I'm going to write a letter!!!!
967908273574830000,2018-02-25 23:44:49,0,DreMendozaa,185,,[],"IM NOT SORRY, WHAT THE FUCK IS THIS @netflix"
967908326611833000,2018-02-25 23:45:02,0,TacoState,78,,[],RT @IndieWire: #TheOutsider Trailer: Jared Leto Becomes a Yakuza Killing Machine in @netflix Original
967908361122583000,2018-02-25 23:45:10,0,grayscalecrash,1311,"Massachusetts, USA",[],@macauley_hayes @netflix Until then I?m on strike
967908377601954000,2018-02-25 23:45:14,0,wesleywhatwhat,544,the atl,[],@ManMadeMoon @phoenixandbeau @SteeleWars @rianjohnson @netflix Was the Q+A filmed by any chance? Wannnaaaaa seeeeee!!! *sulk*
967908396807569000,2018-02-25 23:45:19,19,brettksnider,57,"New Westminster, British Columbia","[""SaveDirkGently"", ""HolisticRaffle""]","@Lamar_Alphonso @netflix @moworldwide You're welcome! I hope Mo'Nique's team pays attention to those views and uses the data, accordingly!"
967908402855752000,2018-02-25 23:45:20,0,Maj_G,399,"Grand Canyon, AZ","[""ReBoot"", ""reaction""]",This show literally kills me and idk why @netflix hasn?t put it back on
967908468299530000,2018-02-25 23:45:36,0,AndersonLacee,398,,[],Watching #PRETTYLITTLELIARS on @netflix @traffikmovie @spobyypll @mecassidytanner #WeekendVibes are almost over?
967908482182779000,2018-02-25 23:45:39,0,save_eyewitness,31,,"[""WeWantEyewitnessSeason2""]",@sabrina_timmer @netflix Same!! ??
967908514525078000,2018-02-25 23:45:47,0,PatWilsonInfo,2069,NY / NJ,[],Why is there only 10 episodes of Ozark ?? @netflix why do you do this to us!
967908525589529000,2018-02-25 23:45:50,0,RLeneee,111,"Linden, NJ",[],@TheQuigster96 @netflix Aww thanks. You too!
967908533126750000,2018-02-25 23:45:51,0,LeslieBell80,857,"Manhattan, KS","[""shondaland""]",@PeaceLoveHerbs @netflix If they made this then I?d reactive my account
967908581420028000,2018-02-25 23:46:03,3,bpkamilla,920,MIA,[],Just found #trailerparkboys &amp; #maron on @netflix Yay!
967908607147823000,2018-02-25 23:46:09,0,trunkzz1987,288,"Chicago, IL",[],@NelvanaEnt @netflix @worldscreen That's not a reimagining of ReBoot - it's a reboot of SuperHuman Samurai Syber-Sq?
967908802493403000,2018-02-25 23:46:56,0,diaz_raiyne,27,Everywhere,[],RT @netflix: food baby
967908806297563000,2018-02-25 23:46:56,0,mod_qs,236,Not at Work,"[""7Seconds"", ""BlackPanther""]","Adoro ver filmes de suspense, mas sempre morre de susto kkkk #RastrosdeumSequestro original da @netflix"
967908812257546000,2018-02-25 23:46:58,0,asliboogie,19,,[],@CherylBurke @SHO_Shameless Did you watch @netflix @QueerEye yet cause it is amazing! So uplifting and all around feel good.
967908939680580000,2018-02-25 23:47:28,0,Gina_K92,9,"Florida, USA",[],@netflix any idea when Occupied Season 2 will be available? #
967909002012254000,2018-02-25 23:47:43,0,fonzwolf,758,jawja/new yawk/jawzy,[],RT @pattyandteresa: #SaveTheFosters @TheFostersTV @netflix @bensherwood @kareyburke Nothing is as relevant as The Fosters on TV for these p?
967909150146445000,2018-02-25 23:48:18,0,katbrad,458,"Sydney, Australia ",[],@jovenesconkeiko @MIKI_Torres_ @netflix Lean el tweet de shepup de pasant¡as sin pago en la CIDH.
967909189342388000,2018-02-25 23:48:28,5,sr4mylove2,532,,[],What shall I watch next on @Netflix? Or maybe some anime on of @Crunchyroll?
967909216663958000,2018-02-25 23:48:34,0,demetriaslauren,3450, ,[],give ?everything sucks? a season 2 @netflix
967909247798432000,2018-02-25 23:48:42,1,raneaneal,29,,"[""50WaysToKillYourLover""]",RT @malaugp2302: #Westandbyyou€agatayUlusoyNetflixYavuz @cagatayulusoyy @netflixturkiye @O3Medya @netflix
967909302877880000,2018-02-25 23:48:55,303,holleratfaller,234,"La Jolla, San Diego",[],"Have you caught ""The @Mortified Guide"" on @netflix yet? Did you... notice a certain second stage of a certain regio?"
967909310750773000,2018-02-25 23:48:57,3,jedeamjo,316,United States,[],Hey @davidchang. Dig the new @netflix show...BUT.... to be a New Yorker like me (I was raised there) and do a show?
967909327024611000,2018-02-25 23:49:01,8,ianmhardingger1,1324,LA,"[""ICYMI"" ]",@falenkdwb @BMileskiKFAN @netflix Well with that attitude...
967909411804058000,2018-02-25 23:49:21,0,NicsuPR,822,"Washington, DC",[],"@letterboxd Your #AppleTV app needs to the ability to open movies in @Netflix, @Amazon Prime &amp; @iTunes that are available on those services."
967909443445973000,2018-02-25 23:49:28,0,godfree,7808,"Miami, FL",[],"RT @jasminecannot: my little sister made her science fair project ?stranger things? inspired, you could say she?s a big fan @netflix @Stra?"
967909452623106000,2018-02-25 23:49:31,0,Gina_K92,9,"Florida, USA",[],Still very hurt. @netflix MAKE A SEASON 2 HAPPEN!!!
967909519450890000,2018-02-25 23:49:46,19,RobertawesomeC7,1219,"Fort Lauderdale, Florida","[""HayleyWoods"" , ""ravensrule""]",@netflix comedy specials alone justify signing up. @chrisrock and @normmacdonald specials in the same month? #awesome
967909577026097000,2018-02-25 23:50:00,0,ShakeyaFitness,244,Jard¡n de Rosas del Agujero Negro,"[""grilledchicken"", ""caesarsalad""]","RT @TeryeA: Dear @amazon if @netflix can dump Spacey, the star of one their most popular shows bc of sexual allegations, SURELY you can dum?"
967909605526434000,2018-02-25 23:50:07,0,darrentodream,779,"Washington, DC",[],RT @netflix: Don't drop your Eggos. Rumors that the Duffer Bros are leaving Stranger Things after season 3 are false.
967909666549252000,2018-02-25 23:50:22,0,Corey_Champagne,553,ATL - NY - LA,[],"RT @7SecondsNetflix: Meet Detective Rinaldi tomorrow when #SevenSeconds premieres, only on @netflix."
967909695133573000,2018-02-25 23:50:28,43,polishuk52,66,,"[""Westandbyyou€a?atayUlusoyNetflixYavuz"" ]",@honey_crazygirl @SoDaCookSon @AlexLesha3 @HJH_Alex @sr4mylove2 @masiemonroe @MARBEAR333 @treesarelife2?
967909716214022000,2018-02-25 23:50:33,0,Yllardelien2k,5,"Sevilla, Espa¤a",[],RT @netflix: .@Logic301 @Rapsody @2chainz @tip @artisthbtl @daveeast @justblaze @G_Eazy @nas and @Netflix Their Words. Their Way. Rapture?
967909756466860000,2018-02-25 23:50:43,0,SammysLogic,96,United States,[],RT @mustgetlonely: Yo @netflix I just finished Everythuhg Sucks and I want you to know that you?re excused for 13 Reasons Why
967909758391988000,2018-02-25 23:50:43,6020,ilovetierraq,792,Crossing Timezones,[],#EverythingSucks on @netflix is a really good show. Both because it?s good and if you want to be reminded of painful childhood memories ??????
967909772681974000,2018-02-25 23:50:47,0,dluthor2,1922,Rubaga,[],RT @netflix: As dysfunctional as any other family. Noah Baumbach's The Meyerowitz Stories (New and Selected) premieres on Netflix October 1?
967909916802470000,2018-02-25 23:51:21,0,itsalwaysonni,158,,[],@WeaponXKP21 AND they already grew one of his sleeve's already so there. make it happen @netflix
967909923051975000,2018-02-25 23:51:23,0,d3vind4vis,233,"Hatfield, PA",[],@MacioComedian needs a @netflix deal!!!! Dude is superrrrrrrrrr hilarious! ??
967909929049760000,2018-02-25 23:51:24,3,FindTheAsian,0,,"[""HowAboutAsians""]","Finally getting around to watching GLOW on @netflix and my initial reaction is holy crap, that's @TheRealMorrison?"
967909936792515000,2018-02-25 23:51:26,0,0nDreah,755,with le wife??,[],just watched #WhenWeFirstMet on @netflix @ADAMDEVINE is the cutest thing ever &lt;3
967909962969178000,2018-02-25 23:51:32,1,RobertRunneral,17,,"[""RenewTravelers""]",RT @spidadmitchell: #BRINGBACKBURNNOTICE @netflix
967909985542984000,2018-02-25 23:51:38,0,idanyasioux,215,"Petrograd, RUS",[],@ScorseseFanboy @ManMadeMoon @netflix I couldn't agree more. Just finished watching and I find myself in complete d?
967910025338507000,2018-02-25 23:51:47,2,Sugar_Skull_PP,113,your heart,[],RT @kate_mccrea: @mrlawsonpants @netflix I know what I?m doing tomorrow. Why didn?t it show up in my notifications @netflix???
967910067914920000,2018-02-25 23:51:57,0,karljordinson,660,"Newcastle Upon Tyne, England",[],RT @IndieWire: #Dismissed is now streaming on @netflix. We spoke to @dylansprouse about how he made his return to acting:
967910103323218000,2018-02-25 23:52:06,32,1lilspark,180,FL,"[""PizzaGhost"", ""TheJoelMcHaleShowWithJoelMcHale""]","my little sister made her science fair project ?stranger things? inspired, you could say she?s a big fan @netflix?"
967910120616288000,2018-02-25 23:52:10,1,caitlindailey5,392,,[],Yo @netflix I just finished Everythuhg Sucks and I want you to know that you?re excused for 13 Reasons Why
967910125808779000,2018-02-25 23:52:11,0,mikeyburm,272,Cleveland,[],RT @netflix: aLl Of OuR tWeEtS aBoUt EvErYtHiNg SuCkS wIlL bE wRiTtEn LiKe ThIs. aLsO iT iS nOw StReAmInG
967910136978334000,2018-02-25 23:52:14,2,FlixChatter,4822,Movieland,"[""directedbyWomen"", ""ViceroysHouse""]","@BekaOurs @hallmarkchannel @netflix No, I didn?t get a chance to watch, but I did see the previews of it."
967910150144131000,2018-02-25 23:52:17,0,malachaialel,1,"Your mom ,Ny",[],@netflix y?all gonna add more anime or na
967910161506554000,2018-02-25 23:52:20,0,PsychoPanda0524,1110,,[],@netflix please make another season of ?Unbreakable Kimmy Schmidt?
967910165667185000,2018-02-25 23:52:21,1,frankenprice,199,gay hell,[],Watching Altered Carbon #AlteredCarbon @Netflix #nowwatching #telfie (via @telfieapp)
967910208054940000,2018-02-25 23:52:31,1,StudioQTV,23701,StudioQTV@gmail.com,"[""thekilling""]",@BembiAnn @netflix @HemlockGrove @ITMovieOfficial I?m in shock. You outdid your previous phenomenal work. I didn?t?
967910227231367000,2018-02-25 23:52:35,0,Spunky_bae,80,Minding MY Business ,[],@netflix I just binged the whole first season of Everything Sucks!
967910272449917000,2018-02-25 23:52:46,1,samcarpowich,461,,[],Holy shit! @netflix has a #FullMetalAlchemist movie! @Sakura_Steph309
967910273838404000,2018-02-25 23:52:46,4,ellymeier42,335,"Bremen, Deutschland",[],"RT @netflix: ??@DavidKHarbour, we wish you a..."
967910282717811000,2018-02-25 23:52:48,0,alancduncan,715,"Cleveland, Ohio","[""DVDs""]","@netflix I need approximately 9,000 more episodes of @QueerEye. I am liiiviiiing for this show"
967910287016800000,2018-02-25 23:52:49,1,JOSHYCONKER,3716,San Bernardino CA,[],@netflix pick up a season 3 for one day at a time
967910369690866000,2018-02-25 23:53:09,2,JamesBryin,203,Florida,"[WhenWeFirstMet""]",@KatieForte @ImpostersBravo @netflix That?s my show!
967910374572900000,2018-02-25 23:53:10,1,katbrad,458,"Sydney, Australia ",[],@MaryElizabethK9 @hallmarkchannel @netflix Did you watch #royalhearts last night? It is my new favorite @hallmarkchannel movie.
967910410736189000,2018-02-25 23:53:19,0,samcarpowich,461,,[],"@0saama1 @netflix Great suggestion, Osama! We're all about improving the Netflix experience and appreciate you sharing your thoughts! *JF"
967910454507926000,2018-02-25 23:53:29,3,KingBach,2690725,"Los Angeles, CA",[],@netflix is getting to the point where I?m going to only renew my subscription for the months when my favorite orig?
967910463815193000,2018-02-25 23:53:32,0,stevebeste,3753,"Fort Lauderdale, FL",[],Love your new show. I just wish it was longer. I am sure @netflix can afford it. @joelmchale
967910473155928000,2018-02-25 23:53:34,0,ex_malcontent,511,"Plano, TX",[],RT @ayyebabyy: S/O to @netflix for Seven Seconds. Hands down one of the best shows I?ve watched.
967910524359934000,2018-02-25 23:53:46,0,ArmyNerd1,19,,[],Why Watching One More Show On @netflix Can Wreck Your #Sleep
967910540013122000,2018-02-25 23:53:50,0,duhitzzamber,212,WV,[],@BradPaquin1 @netflix You asked for it by pooping in her Valentine card.
967910588151226000,2018-02-25 23:54:01,0,heidinc23,53,,[],RT @7SecondsNetflix: A mother on a mission. #SevenSeconds premieres February 23 on @Netflix.
967910589854093000,2018-02-25 23:54:02,0,macauley_hayes,70,England,[],@netflix I just canceled and alarmed everyone I know who has netflix. They did Mo'nique wrong #boycottnetflix
967910598041154000,2018-02-25 23:54:04,0,DancinQueen83,106,Sydney Australia!,"[""sogood"", ""japanesethrillers""]",@falenkdwb @netflix 1 800 876 5353
967910700101308000,2018-02-25 23:54:28,3,ellymeier42,335,"Bremen, Deutschland","[""RenewGypsy""]",#NowStillWatching ?????????? @ABC @netflix @hulu @WWENetwork @CBSBigBrother @BachelorABC @FamilyFeudABC @ABCSharkTank?
967910701758013000,2018-02-25 23:54:28,0,CalMurgu,285,London,[],@cheezynacho1 @netflix lynch this asshole
967910754983834000,2018-02-25 23:54:41,0,mollypop610,164,"Wilmington, NC",[],I need Prisoners to be on @netflix plz.
967910892607345000,2018-02-25 23:55:14,0,nayaaariel,26,??,"[""SevenSeconds"" ,  ""sogood""]",Life hasn?t seemed quite as bright since THE SOUP went off the air. Thankfully the razor sharp @joelmchale is back?
967910918972637000,2018-02-25 23:55:20,203,Datdudebk23,812,"Pre: 41.6859483,-87.721399",[],So....... @netflix can y'all add season 13 of criminal minds because I'm about to cry not having anymore episodes t?
967910937159139000,2018-02-25 23:55:24,0,LycanNosferatu,41,"Champaign, IL",[],@NarcoticMedley @netflix Do you have his phone #?
967910999083901000,2018-02-25 23:55:39,32,UnholyHelbig,200,Paging Dr. Hart,"[""canubelieve"", ""repost""]",Let's get started @NetflixBrasil @netflix @7SecondsNetflix
967911033145889000,2018-02-25 23:55:47,0,kendylkathleenx,26,"Ohio, USA",[],@TheRealAnnaCamp @netflix @SkylarAstin YOUR LAUGH GIVES ME LIFE OMG!!????
967911160417833000,2018-02-25 23:56:18,0,jordanaMW,158,Atlanta & NYC,"[""iheartthe90s""]","RT @ajashoates: imma need iCarly, Victorious, and Drake and Josh on @netflix real soon"
967911173873009000,2018-02-25 23:56:21,0,NaeLauren,196,,[],@BMileskiKFAN @netflix I don?t know them personally.
967911349757121000,2018-02-25 23:57:03,0,alexssandro2,191,Brazil,"[""sotrue""]",RT @JohnGilles6: We need #XenaRevival #XenitesUnite give us Revival! @nbc @netflix @NetflixLifee
967911419852329000,2018-02-25 23:57:20,0,SCJoson,2012,On the bus,[],@Lucyt_aussie @startrekcbs @netflix @NetflixANZ I want to rewatch @StarTrek Next Generation now. So good!
967911443248148000,2018-02-25 23:57:25,7,jedeamjo,316,United States,"[""NETFLIXforBandT""]",RT @ulusoy_ar: New!! ?????? @cagatayulusoyy #cagatayulusoyy #€a?atayUlusoy #Westandbyyou€agatayUlusoyNetflixYavuz @netflixturkiye @netflix @03?
967911568548729000,2018-02-25 23:57:55,0,eleanordowling,1373,"Purcellville, VA",[],RT @jedeamjo: .@netflix @SYFY @hulu #BandT; @BaronAndToluca is just right for paranormal sci-fi adventures. Nostagia with original cast of?
967911585904775000,2018-02-25 23:57:59,0,theholly_wilson,9315,Welcome to the #sandbox ,"[""Radius""]","@Corey_Champagne @netflix Corey, great work on the series loving it here in the uk! Any chance of a signed picture?"
967911622869242000,2018-02-25 23:58:08,0,_valerie5,70,"New York, NY",[],"RT @DeadlySiriusSXM: To celebrate the release of #Humanity on @netflix, following @rickygervais is #DeadlySirius on Tues. March 13th we wil?"
967911645208023000,2018-02-25 23:58:13,28,polishuk52,66,,"[""Westandbyyou€agatayUlusoyNetflixYavuz"" ]","RT @blakmarketmusik: ok but @netflix consider this: a series with ancient greek philosophers. Like, Plato, Socrates, Aristotle, hell Diogen?"
967911670264812000,2018-02-25 23:58:19,4625,MRHSLV,351,"Wichita, KS ??",[],RT @Elena11575: #XenaRevival and Original cast! @nbc @netflix @NBCUniversal @nbc @robtapert @FSUWriter someone bring XENA back!
967911674341708000,2018-02-25 23:58:20,4,vil_vanesa,174,Ciudad Aut¢noma de Buenos Aire,[],The ?My List? feature on @netflix is a microcosm of the American problem; the list of things I want keeps getting b?
967911700925207000,2018-02-25 23:58:27,0,TaxMan91,144,,"[""EverythingSucks""]",@netflix still waiting..
967911702816735000,2018-02-25 23:58:27,0,karishmabarnett,162,"Arizona, USA",[],@honey_crazygirl @SoDaCookSon @AlexLesha3 @HJH_Alex @sr4mylove2 @MARBEAR333 @treesarelife2 @easy_tigers @s13965019?
967911733137461000,2018-02-25 23:58:34,1,Tylerrodebush,368,,[],"Can we start a petition that if @netflix includes one movie in a series, they must include all movies? I don?t need?"
967911778519667000,2018-02-25 23:58:45,0,TediVision26,434,La La Land,[],wHAT THE FUCK IS THIS @netflix #TEOTFW
967911806030135000,2018-02-25 23:58:52,422,AmauriMonroe,1396,"Malibu, CA ",[],@netflix please...more White Rabbit Project...my family is starving
967911811415552000,2018-02-25 23:58:53,1,tahliab,370,Nerdville - Pop: 3.14159265359,[],Day 1: Defiance (2008) starring Daniel Craig. #MoviePerDayChallenge on @netflix
967911826431373000,2018-02-25 23:58:57,0,matthew44810346,6,,[],"RT @confluentinc: .@allenxwang discussed why @netflix moved to @apachekafka, the architecture and improvements they added to make #Kafka w?"
967911839215604000,2018-02-25 23:59:00,0,_G00dfella,571,Hidden Hills ,[],"It's one thing to watch a story, another thing to live it ?? @netflix @AltCarb #TheResistance #Resistance?"
967911879896064000,2018-02-25 23:59:09,32,mawmemimomu,811,Westeros,"[""EverythingSucks""]",@ash71us @iamritu @JoaoLCavalcante @almasthela @onco_cardiology @venkmurthy @DavidWienerMD @HeartOTXHeartMD?
967911897218523000,2018-02-25 23:59:13,2,zalexsource,281,,"[""WhenWeFirstMet""]",.@hulu @netflix #BandT #NETFLIXforBandT #HULUforBandT
967911902625042000,2018-02-25 23:59:15,0,jamesrai100,0,"England, United Kingdom",[],"And if we see a series in @netflix ? (tone of ""and if we make a doll"" frozen)??"
967911919536374000,2018-02-25 23:59:19,30,Nayie_,230,#MY,[],My Netflix application on roku is showing video stats on the top left corner of the screen @netflix
967911991351259000,2018-02-25 23:59:36,0,ryanmaxwell,199,Auckland,[],"@netflix, eu te desprezo por n?o ter feito uma estreia simultƒnea de Annihilation"
967911999568048000,2018-02-25 23:59:38,82,RussellLane,145,"30.2672ø N, 97.7431ø W","[""SevenSeconds""]",What do you do when you don't feel good? Watch Creep 2... @MarkDuplass @patrick_brice @netflix #creep #creep2 #superiorsequel #makemore
967912007478530000,2018-02-25 23:59:40,0,stevebeste,3753,"Fort Lauderdale, FL",[],RT @dyadsproperty: @netflix Don't you dare to cancel @OneDayAtATime. It's an amazing show that brings up many important discussions to soci?
967912075417842000,2018-02-25 23:59:56,0,JayWoo81,199,New York City,[],RT @AnaMSL4ever: @robtapert @netflix @NBCUniversal @nbc @NetflixLifee @RealLucyLawless #XenaRevival #XXisforXENA Give us the ending that w?
967912085391905000,2018-02-25 23:59:58,212,Denzel_Simons,265,"? BDA // MIA,USA ",[],"Just watched Duncan Jones? (@ManMadeMoon?s) #Mute on @netflix. Final few moments pulled the emotional rug out, then?"
